
> podm_project@1.0.0 dev:server
> ts-node-dev --respawn --transpile-only server/server.ts

[INFO] 20:58:04 ts-node-dev ver. 2.0.0 (using ts-node ver. 10.9.2, typescript ver. 5.9.2)
[dotenv@17.2.2] injecting env (7) from server\.env -- tip: ⚙️  load multiple .env files with { path: ['.env.local', '.env'] }
--- SERVER STARTING ---
[dotenv@17.2.2] injecting env (0) from .env -- tip: 📡 auto-backup env with Radar: https://dotenvx.com/radar
✅ auth.routes.ts file has been loaded and is running.
🚀 Server (with WebSockets) is running at http://localhost:5000
[CreatorOnly] Checking user role...
[CreatorOnly] req.user.role: creator
[CreatorOnly] req.originalUser: none
[CreatorOnly] Access granted. isCreator: true, isAdminImpersonatingCreator: undefined
[CreatorOnly] Checking user role...
[CreatorOnly] req.user.role: creator
[CreatorOnly] req.originalUser: none
[CreatorOnly] Access granted. isCreator: true, isAdminImpersonatingCreator: undefined
[CreatorOnly] Checking user role...
[CreatorOnly] req.user.role: creator
[CreatorOnly] req.originalUser: none
[CreatorOnly] Access granted. isCreator: true, isAdminImpersonatingCreator: undefined
[CreatorOnly] Checking user role...
[CreatorOnly] req.user.role: creator
[CreatorOnly] req.originalUser: none
[CreatorOnly] Access granted. isCreator: true, isAdminImpersonatingCreator: undefined
[CreatorOnly] Checking user role...
[CreatorOnly] req.user.role: creator
[CreatorOnly] req.originalUser: none
[CreatorOnly] Access granted. isCreator: true, isAdminImpersonatingCreator: undefined
[CreatorOnly] Checking user role...
[CreatorOnly] req.user.role: creator
[CreatorOnly] req.originalUser: none
[CreatorOnly] Access granted. isCreator: true, isAdminImpersonatingCreator: undefined
[CreatorOnly] Checking user role...
[CreatorOnly] req.user.role: creator
[CreatorOnly] req.originalUser: none
[CreatorOnly] Access granted. isCreator: true, isAdminImpersonatingCreator: undefined
[CreatorOnly] Checking user role...
[CreatorOnly] req.user.role: creator
[CreatorOnly] req.originalUser: none
[CreatorOnly] Access granted. isCreator: true, isAdminImpersonatingCreator: undefined
[CreatorOnly] Checking user role...
[CreatorOnly] req.user.role: creator
[CreatorOnly] req.originalUser: none
[CreatorOnly] Access granted. isCreator: true, isAdminImpersonatingCreator: undefined
[CreatorOnly] Checking user role...
[CreatorOnly] req.user.role: creator
[CreatorOnly] req.originalUser: none
[CreatorOnly] Access granted. isCreator: true, isAdminImpersonatingCreator: undefined
[CreatorOnly] Checking user role...
[CreatorOnly] req.user.role: creator
[CreatorOnly] req.originalUser: none
[CreatorOnly] Access granted. isCreator: true, isAdminImpersonatingCreator: undefined
[CreatorOnly] Checking user role...
[CreatorOnly] req.user.role: creator
[CreatorOnly] req.originalUser: none
[CreatorOnly] Access granted. isCreator: true, isAdminImpersonatingCreator: undefined
[CreatorOnly] Checking user role...
[CreatorOnly] req.user.role: creator
[CreatorOnly] req.originalUser: none
[CreatorOnly] Access granted. isCreator: true, isAdminImpersonatingCreator: undefined
[CreatorOnly] Checking user role...
[CreatorOnly] req.user.role: creator
[CreatorOnly] req.originalUser: none
[CreatorOnly] Access granted. isCreator: true, isAdminImpersonatingCreator: undefined
[CreatorOnly] Checking user role...
[CreatorOnly] req.user.role: creator
[CreatorOnly] req.originalUser: none
[CreatorOnly] Access granted. isCreator: true, isAdminImpersonatingCreator: undefined
[Controller] createContent: Processing request body: {
  title: 'PPV Post',
  description: '',
  type: 'photo',
  visibility: 'pay_per_view',
  price: 500,
  tags: undefined,
  scheduleIsScheduled: false,
  schedulePublishDate: undefined
}
[Controller] createContent: Files received: 1
[CreatorOnly] Checking user role...
[CreatorOnly] req.user.role: creator
[CreatorOnly] req.originalUser: none
[CreatorOnly] Access granted. isCreator: true, isAdminImpersonatingCreator: undefined
Error creating content: Error: Input buffer contains unsupported image format
    at Sharp.toBuffer (C:\Users\leona\OneDrive\Documents\PoDM\PoDM\PoDM_project\node_modules\sharp\lib\output.js:163:17)
    at generateThumbnail (C:\Users\leona\OneDrive\Documents\PoDM\PoDM\PoDM_project\server\services\content.service.ts:115:10)
    at Object.createNewContent (C:\Users\leona\OneDrive\Documents\PoDM\PoDM\PoDM_project\server\services\content.service.ts:201:43)
    at processTicksAndRejections (node:internal/process/task_queues:103:5)
    at createContent (C:\Users\leona\OneDrive\Documents\PoDM\PoDM\PoDM_project\server\controllers\content.controller.ts:39:28)
UNHANDLED ERROR: Error: Input buffer contains unsupported image format
    at Sharp.toBuffer (C:\Users\leona\OneDrive\Documents\PoDM\PoDM\PoDM_project\node_modules\sharp\lib\output.js:163:17)
    at generateThumbnail (C:\Users\leona\OneDrive\Documents\PoDM\PoDM\PoDM_project\server\services\content.service.ts:115:10)
    at Object.createNewContent (C:\Users\leona\OneDrive\Documents\PoDM\PoDM\PoDM_project\server\services\content.service.ts:201:43)
    at processTicksAndRejections (node:internal/process/task_queues:103:5)
    at createContent (C:\Users\leona\OneDrive\Documents\PoDM\PoDM\PoDM_project\server\controllers\content.controller.ts:39:28)
[CreatorOnly] Checking user role...
[CreatorOnly] req.user.role: creator
[CreatorOnly] req.originalUser: none
[CreatorOnly] Access granted. isCreator: true, isAdminImpersonatingCreator: undefined
[CreatorOnly] Checking user role...
[CreatorOnly] req.user.role: creator
[CreatorOnly] req.originalUser: none
[CreatorOnly] Access granted. isCreator: true, isAdminImpersonatingCreator: undefined
[CreatorOnly] Checking user role...
[CreatorOnly] req.user.role: creator
[CreatorOnly] req.originalUser: none
[CreatorOnly] Access granted. isCreator: true, isAdminImpersonatingCreator: undefined
[CreatorOnly] Checking user role...
[CreatorOnly] req.user.role: creator
[CreatorOnly] req.originalUser: none
[CreatorOnly] Access granted. isCreator: true, isAdminImpersonatingCreator: undefined
[CreatorOnly] Checking user role...
[CreatorOnly] req.user.role: creator
[CreatorOnly] req.originalUser: none
[CreatorOnly] Access granted. isCreator: true, isAdminImpersonatingCreator: undefined
[Controller] createContent: Processing request body: {
  title: 'Test Post Title',
  description: 'Test Description',
  type: 'photo',
  visibility: 'subscribers_only',
  price: undefined,
  tags: undefined,
  scheduleIsScheduled: false,
  schedulePublishDate: undefined
}
[Controller] createContent: Files received: 1
[CreatorOnly] Checking user role...
[CreatorOnly] req.user.role: creator
[CreatorOnly] req.originalUser: none
[CreatorOnly] Access granted. isCreator: true, isAdminImpersonatingCreator: undefined
[CreatorOnly] Checking user role...
[CreatorOnly] req.user.role: creator
[CreatorOnly] req.originalUser: none
[CreatorOnly] Access granted. isCreator: true, isAdminImpersonatingCreator: undefined
[CreatorOnly] Checking user role...
[CreatorOnly] req.user.role: creator
[CreatorOnly] req.originalUser: none
[CreatorOnly] Access granted. isCreator: true, isAdminImpersonatingCreator: undefined
[Controller] createContent: Processing request body: {
  title: 'PPV Post',
  description: '',
  type: 'photo',
  visibility: 'pay_per_view',
  price: 500,
  tags: undefined,
  scheduleIsScheduled: false,
  schedulePublishDate: undefined
}
[Controller] createContent: Files received: 1
Error creating content: Error: Input buffer contains unsupported image format
    at Sharp.toBuffer (C:\Users\leona\OneDrive\Documents\PoDM\PoDM\PoDM_project\node_modules\sharp\lib\output.js:163:17)
    at generateThumbnail (C:\Users\leona\OneDrive\Documents\PoDM\PoDM\PoDM_project\server\services\content.service.ts:115:10)
    at Object.createNewContent (C:\Users\leona\OneDrive\Documents\PoDM\PoDM\PoDM_project\server\services\content.service.ts:201:43)
    at processTicksAndRejections (node:internal/process/task_queues:103:5)
    at createContent (C:\Users\leona\OneDrive\Documents\PoDM\PoDM\PoDM_project\server\controllers\content.controller.ts:39:28)
UNHANDLED ERROR: Error: Input buffer contains unsupported image format
    at Sharp.toBuffer (C:\Users\leona\OneDrive\Documents\PoDM\PoDM\PoDM_project\node_modules\sharp\lib\output.js:163:17)
    at generateThumbnail (C:\Users\leona\OneDrive\Documents\PoDM\PoDM\PoDM_project\server\services\content.service.ts:115:10)
    at Object.createNewContent (C:\Users\leona\OneDrive\Documents\PoDM\PoDM\PoDM_project\server\services\content.service.ts:201:43)
    at processTicksAndRejections (node:internal/process/task_queues:103:5)
    at createContent (C:\Users\leona\OneDrive\Documents\PoDM\PoDM\PoDM_project\server\controllers\content.controller.ts:39:28)
Error creating content: Error: Input buffer contains unsupported image format
    at Sharp.toBuffer (C:\Users\leona\OneDrive\Documents\PoDM\PoDM\PoDM_project\node_modules\sharp\lib\output.js:163:17)
    at generateThumbnail (C:\Users\leona\OneDrive\Documents\PoDM\PoDM\PoDM_project\server\services\content.service.ts:115:10)
    at Object.createNewContent (C:\Users\leona\OneDrive\Documents\PoDM\PoDM\PoDM_project\server\services\content.service.ts:201:43)
    at processTicksAndRejections (node:internal/process/task_queues:103:5)
    at createContent (C:\Users\leona\OneDrive\Documents\PoDM\PoDM\PoDM_project\server\controllers\content.controller.ts:39:28)
UNHANDLED ERROR: Error: Input buffer contains unsupported image format
    at Sharp.toBuffer (C:\Users\leona\OneDrive\Documents\PoDM\PoDM\PoDM_project\node_modules\sharp\lib\output.js:163:17)
    at generateThumbnail (C:\Users\leona\OneDrive\Documents\PoDM\PoDM\PoDM_project\server\services\content.service.ts:115:10)
    at Object.createNewContent (C:\Users\leona\OneDrive\Documents\PoDM\PoDM\PoDM_project\server\services\content.service.ts:201:43)
    at processTicksAndRejections (node:internal/process/task_queues:103:5)
    at createContent (C:\Users\leona\OneDrive\Documents\PoDM\PoDM\PoDM_project\server\controllers\content.controller.ts:39:28)
[CreatorOnly] Checking user role...
[CreatorOnly] req.user.role: creator
[CreatorOnly] req.originalUser: none
[CreatorOnly] Access granted. isCreator: true, isAdminImpersonatingCreator: undefined
[CreatorOnly] Checking user role...
[CreatorOnly] req.user.role: creator
[CreatorOnly] req.originalUser: none
[CreatorOnly] Access granted. isCreator: true, isAdminImpersonatingCreator: undefined
[CreatorOnly] Checking user role...
[CreatorOnly] req.user.role: creator
[CreatorOnly] req.originalUser: none
[CreatorOnly] Access granted. isCreator: true, isAdminImpersonatingCreator: undefined
[CreatorOnly] Checking user role...
[CreatorOnly] req.user.role: creator
[CreatorOnly] req.originalUser: none
[CreatorOnly] Access granted. isCreator: true, isAdminImpersonatingCreator: undefined
[CreatorOnly] Checking user role...
[CreatorOnly] req.user.role: creator
[CreatorOnly] req.originalUser: none
[CreatorOnly] Access granted. isCreator: true, isAdminImpersonatingCreator: undefined
[Controller] createContent: Processing request body: {
  title: 'PPV Post',
  description: '',
  type: 'photo',
  visibility: 'pay_per_view',
  price: 500,
  tags: undefined,
  scheduleIsScheduled: false,
  schedulePublishDate: undefined
}
[Controller] createContent: Files received: 1
[CreatorOnly] Checking user role...
[CreatorOnly] req.user.role: creator
[CreatorOnly] req.originalUser: none
[CreatorOnly] Access granted. isCreator: true, isAdminImpersonatingCreator: undefined
[CreatorOnly] Checking user role...
[CreatorOnly] req.user.role: creator
[CreatorOnly] req.originalUser: none
[CreatorOnly] Access granted. isCreator: true, isAdminImpersonatingCreator: undefined
[CreatorOnly] Checking user role...
[CreatorOnly] req.user.role: creator
[CreatorOnly] req.originalUser: none
[CreatorOnly] Access granted. isCreator: true, isAdminImpersonatingCreator: undefined
Error creating content: Error: Input buffer contains unsupported image format
    at Sharp.toBuffer (C:\Users\leona\OneDrive\Documents\PoDM\PoDM\PoDM_project\node_modules\sharp\lib\output.js:163:17)
    at generateThumbnail (C:\Users\leona\OneDrive\Documents\PoDM\PoDM\PoDM_project\server\services\content.service.ts:115:10)
    at Object.createNewContent (C:\Users\leona\OneDrive\Documents\PoDM\PoDM\PoDM_project\server\services\content.service.ts:201:43)
    at processTicksAndRejections (node:internal/process/task_queues:103:5)
    at createContent (C:\Users\leona\OneDrive\Documents\PoDM\PoDM\PoDM_project\server\controllers\content.controller.ts:39:28)
UNHANDLED ERROR: Error: Input buffer contains unsupported image format
    at Sharp.toBuffer (C:\Users\leona\OneDrive\Documents\PoDM\PoDM\PoDM_project\node_modules\sharp\lib\output.js:163:17)
    at generateThumbnail (C:\Users\leona\OneDrive\Documents\PoDM\PoDM\PoDM_project\server\services\content.service.ts:115:10)
    at Object.createNewContent (C:\Users\leona\OneDrive\Documents\PoDM\PoDM\PoDM_project\server\services\content.service.ts:201:43)
    at processTicksAndRejections (node:internal/process/task_queues:103:5)
    at createContent (C:\Users\leona\OneDrive\Documents\PoDM\PoDM\PoDM_project\server\controllers\content.controller.ts:39:28)
[CreatorOnly] Checking user role...
[CreatorOnly] req.user.role: creator
[CreatorOnly] req.originalUser: none
[CreatorOnly] Access granted. isCreator: true, isAdminImpersonatingCreator: undefined
[Controller] createContent: Processing request body: {
  title: 'Test Post Title',
  description: 'Test Description',
  type: 'photo',
  visibility: 'subscribers_only',
  price: undefined,
  tags: undefined,
  scheduleIsScheduled: false,
  schedulePublishDate: undefined
}
[Controller] createContent: Files received: 1
Error creating content: Error: Input buffer contains unsupported image format
    at Sharp.toBuffer (C:\Users\leona\OneDrive\Documents\PoDM\PoDM\PoDM_project\node_modules\sharp\lib\output.js:163:17)
    at generateThumbnail (C:\Users\leona\OneDrive\Documents\PoDM\PoDM\PoDM_project\server\services\content.service.ts:115:10)
    at Object.createNewContent (C:\Users\leona\OneDrive\Documents\PoDM\PoDM\PoDM_project\server\services\content.service.ts:201:43)
    at processTicksAndRejections (node:internal/process/task_queues:103:5)
    at createContent (C:\Users\leona\OneDrive\Documents\PoDM\PoDM\PoDM_project\server\controllers\content.controller.ts:39:28)
UNHANDLED ERROR: Error: Input buffer contains unsupported image format
    at Sharp.toBuffer (C:\Users\leona\OneDrive\Documents\PoDM\PoDM\PoDM_project\node_modules\sharp\lib\output.js:163:17)
    at generateThumbnail (C:\Users\leona\OneDrive\Documents\PoDM\PoDM\PoDM_project\server\services\content.service.ts:115:10)
    at Object.createNewContent (C:\Users\leona\OneDrive\Documents\PoDM\PoDM\PoDM_project\server\services\content.service.ts:201:43)
    at processTicksAndRejections (node:internal/process/task_queues:103:5)
    at createContent (C:\Users\leona\OneDrive\Documents\PoDM\PoDM\PoDM_project\server\controllers\content.controller.ts:39:28)
[CreatorOnly] Checking user role...
[CreatorOnly] req.user.role: creator
[CreatorOnly] req.originalUser: none
[CreatorOnly] Access granted. isCreator: true, isAdminImpersonatingCreator: undefined
[CreatorOnly] Checking user role...
[CreatorOnly] req.user.role: creator
[CreatorOnly] req.originalUser: none
[CreatorOnly] Access granted. isCreator: true, isAdminImpersonatingCreator: undefined
[CreatorOnly] Checking user role...
[CreatorOnly] req.user.role: creator
[CreatorOnly] req.originalUser: none
[CreatorOnly] Access granted. isCreator: true, isAdminImpersonatingCreator: undefined
[CreatorOnly] Checking user role...
[CreatorOnly] req.user.role: creator
[CreatorOnly] req.originalUser: none
[CreatorOnly] Access granted. isCreator: true, isAdminImpersonatingCreator: undefined
[CreatorOnly] Checking user role...
[CreatorOnly] req.user.role: creator
[CreatorOnly] req.originalUser: none
[CreatorOnly] Access granted. isCreator: true, isAdminImpersonatingCreator: undefined
[CreatorOnly] Checking user role...
[CreatorOnly] req.user.role: creator
[CreatorOnly] req.originalUser: none
[CreatorOnly] Access granted. isCreator: true, isAdminImpersonatingCreator: undefined
[CreatorOnly] Checking user role...
[CreatorOnly] req.user.role: creator
[CreatorOnly] req.originalUser: none
[CreatorOnly] Access granted. isCreator: true, isAdminImpersonatingCreator: undefined
[CreatorOnly] Checking user role...
[CreatorOnly] req.user.role: creator
[CreatorOnly] req.originalUser: none
[CreatorOnly] Access granted. isCreator: true, isAdminImpersonatingCreator: undefined
[Controller] createContent: Processing request body: {
  title: 'Test Post Title',
  description: 'Test Description',
  type: 'photo',
  visibility: 'subscribers_only',
  price: undefined,
  tags: undefined,
  scheduleIsScheduled: false,
  schedulePublishDate: undefined
}
[Controller] createContent: Files received: 1
[CreatorOnly] Checking user role...
[CreatorOnly] req.user.role: creator
[CreatorOnly] req.originalUser: none
[CreatorOnly] Access granted. isCreator: true, isAdminImpersonatingCreator: undefined
[CreatorOnly] Checking user role...
[CreatorOnly] req.user.role: creator
[CreatorOnly] req.originalUser: none
[CreatorOnly] Access granted. isCreator: true, isAdminImpersonatingCreator: undefined
[CreatorOnly] Checking user role...
[CreatorOnly] req.user.role: creator
[CreatorOnly] req.originalUser: none
[CreatorOnly] Access granted. isCreator: true, isAdminImpersonatingCreator: undefined
Error creating content: Could not find the 'minTierLevel' column of 'content' in the schema cache
Database insert failed. Cleaning up storage... Error: Database insert returned null.
    at Object.createNewContent (C:\Users\leona\OneDrive\Documents\PoDM\PoDM\PoDM_project\server\services\content.service.ts:287:19)
    at processTicksAndRejections (node:internal/process/task_queues:103:5)
    at createContent (C:\Users\leona\OneDrive\Documents\PoDM\PoDM\PoDM_project\server\controllers\content.controller.ts:39:28)
[CreatorOnly] Checking user role...
[CreatorOnly] req.user.role: creator
[CreatorOnly] req.originalUser: none
[CreatorOnly] Access granted. isCreator: true, isAdminImpersonatingCreator: undefined
Error creating content: AppError: Failed to save content to database after upload.
    at Object.createNewContent (C:\Users\leona\OneDrive\Documents\PoDM\PoDM\PoDM_project\server\services\content.service.ts:296:15)
    at processTicksAndRejections (node:internal/process/task_queues:103:5)
    at createContent (C:\Users\leona\OneDrive\Documents\PoDM\PoDM\PoDM_project\server\controllers\content.controller.ts:39:28) {
  statusCode: 500
}
[CreatorOnly] Checking user role...
[CreatorOnly] req.user.role: creator
[CreatorOnly] req.originalUser: none
[CreatorOnly] Access granted. isCreator: true, isAdminImpersonatingCreator: undefined
[INFO] 21:12:02 Restarting: C:\Users\leona\OneDrive\Documents\PoDM\PoDM\PoDM_project\server\services\content.service.ts has been modified
[dotenv@17.2.2] injecting env (7) from server\.env -- tip: 📡 version env with Radar: https://dotenvx.com/radar
--- SERVER STARTING ---
[dotenv@17.2.2] injecting env (0) from .env -- tip: 📡 version env with Radar: https://dotenvx.com/radar
✅ auth.routes.ts file has been loaded and is running.
🚀 Server (with WebSockets) is running at http://localhost:5000
[INFO] 21:12:34 Restarting: C:\Users\leona\OneDrive\Documents\PoDM\PoDM\PoDM_project\server\services\content.service.ts has been modified
[dotenv@17.2.2] injecting env (7) from server\.env -- tip: ⚙️  enable debug logging with { debug: true }
--- SERVER STARTING ---
[dotenv@17.2.2] injecting env (0) from .env -- tip: 🔐 encrypt with Dotenvx: https://dotenvx.com
✅ auth.routes.ts file has been loaded and is running.
🚀 Server (with WebSockets) is running at http://localhost:5000
[CreatorOnly] Checking user role...
[CreatorOnly] req.user.role: creator
[CreatorOnly] req.originalUser: none
[CreatorOnly] Access granted. isCreator: true, isAdminImpersonatingCreator: undefined
[CreatorOnly] Checking user role...
[CreatorOnly] req.user.role: creator
[CreatorOnly] req.originalUser: none
[CreatorOnly] Access granted. isCreator: true, isAdminImpersonatingCreator: undefined
[CreatorOnly] Checking user role...
[CreatorOnly] req.user.role: creator
[CreatorOnly] req.originalUser: none
[CreatorOnly] Access granted. isCreator: true, isAdminImpersonatingCreator: undefined
[CreatorOnly] Checking user role...
[CreatorOnly] req.user.role: creator
[CreatorOnly] req.originalUser: none
[CreatorOnly] Access granted. isCreator: true, isAdminImpersonatingCreator: undefined
[CreatorOnly] Checking user role...
[CreatorOnly] req.user.role: creator
[CreatorOnly] req.originalUser: none
[CreatorOnly] Access granted. isCreator: true, isAdminImpersonatingCreator: undefined
[CreatorOnly] Checking user role...
[CreatorOnly] req.user.role: creator
[CreatorOnly] req.originalUser: none
[CreatorOnly] Access granted. isCreator: true, isAdminImpersonatingCreator: undefined
[Controller] createContent: Processing request body: {
  title: 'Test Post Title',
  description: 'Test Description',
  type: 'photo',
  visibility: 'subscribers_only',
  price: undefined,
  tags: undefined,
  scheduleIsScheduled: false,
  schedulePublishDate: undefined
}
[Controller] createContent: Files received: 1
[CreatorOnly] Checking user role...
[CreatorOnly] req.user.role: creator
[CreatorOnly] req.originalUser: none
[CreatorOnly] Access granted. isCreator: true, isAdminImpersonatingCreator: undefined
[CreatorOnly] Checking user role...
[CreatorOnly] req.user.role: creator
[CreatorOnly] req.originalUser: none
[CreatorOnly] Access granted. isCreator: true, isAdminImpersonatingCreator: undefined
[CreatorOnly] Checking user role...
[CreatorOnly] req.user.role: creator
[CreatorOnly] req.originalUser: none
[CreatorOnly] Access granted. isCreator: true, isAdminImpersonatingCreator: undefined
[Controller] createContent: Processing request body: {
  title: 'PPV Post',
  description: '',
  type: 'photo',
  visibility: 'pay_per_view',
  price: 500,
  tags: undefined,
  scheduleIsScheduled: false,
  schedulePublishDate: undefined
}
[Controller] createContent: Files received: 1
[CreatorOnly] Checking user role...
[CreatorOnly] req.user.role: creator
[CreatorOnly] req.originalUser: none
[CreatorOnly] Access granted. isCreator: true, isAdminImpersonatingCreator: undefined
[CreatorOnly] Checking user role...
[CreatorOnly] req.user.role: creator
[CreatorOnly] req.originalUser: none
[CreatorOnly] Access granted. isCreator: true, isAdminImpersonatingCreator: undefined
[CreatorOnly] Checking user role...
[CreatorOnly] req.user.role: creator
[CreatorOnly] req.originalUser: none
[CreatorOnly] Access granted. isCreator: true, isAdminImpersonatingCreator: undefined
[INFO] 21:14:07 Restarting: C:\Users\leona\OneDrive\Documents\PoDM\PoDM\PoDM_project\server\controllers\content.controller.ts has been modified
[dotenv@17.2.2] injecting env (7) from server\.env -- tip: 📡 version env with Radar: https://dotenvx.com/radar
--- SERVER STARTING ---
[dotenv@17.2.2] injecting env (0) from .env -- tip: 🔐 prevent committing .env to code: https://dotenvx.com/precommit
✅ auth.routes.ts file has been loaded and is running.
🚀 Server (with WebSockets) is running at http://localhost:5000
[CreatorOnly] Checking user role...
[CreatorOnly] req.user.role: creator
[CreatorOnly] req.originalUser: none
[CreatorOnly] Access granted. isCreator: true, isAdminImpersonatingCreator: undefined
[CreatorOnly] Checking user role...
[CreatorOnly] req.user.role: creator
[CreatorOnly] req.originalUser: none
[CreatorOnly] Access granted. isCreator: true, isAdminImpersonatingCreator: undefined
[CreatorOnly] Checking user role...
[CreatorOnly] req.user.role: creator
[CreatorOnly] req.originalUser: none
[CreatorOnly] Access granted. isCreator: true, isAdminImpersonatingCreator: undefined
[CreatorOnly] Checking user role...
[CreatorOnly] req.user.role: creator
[CreatorOnly] req.originalUser: none
[CreatorOnly] Access granted. isCreator: true, isAdminImpersonatingCreator: undefined
[CreatorOnly] Checking user role...
[CreatorOnly] req.user.role: creator
[CreatorOnly] req.originalUser: none
[CreatorOnly] Access granted. isCreator: true, isAdminImpersonatingCreator: undefined
[Controller] createContent: Processing request body: {
  title: 'Test Post Title',
  description: 'Test Description',
  type: 'photo',
  visibility: 'subscribers_only',
  price: undefined,
  tags: undefined,
  scheduleIsScheduled: false,
  schedulePublishDate: undefined
}
[Controller] createContent: Files received: 1
[CreatorOnly] Checking user role...
[CreatorOnly] req.user.role: creator
[CreatorOnly] req.originalUser: none
[CreatorOnly] Access granted. isCreator: true, isAdminImpersonatingCreator: undefined
[Controller] createContent: Processing request body: {
  title: 'PPV Post',
  description: '',
  type: 'photo',
  visibility: 'pay_per_view',
  price: 500,
  tags: undefined,
  scheduleIsScheduled: false,
  schedulePublishDate: undefined
}
[Controller] createContent: Files received: 1
[CreatorOnly] Checking user role...
[CreatorOnly] req.user.role: creator
[CreatorOnly] req.originalUser: none
[CreatorOnly] Access granted. isCreator: true, isAdminImpersonatingCreator: undefined
[Controller] getMyContent: Fetching content for creatorId=7253e7c3-2413-49bd-971d-aa687a593725
[CreatorOnly] Checking user role...
[CreatorOnly] req.user.role: creator
[CreatorOnly] req.originalUser: none
[CreatorOnly] Access granted. isCreator: true, isAdminImpersonatingCreator: undefined
[Controller] getMyContent: Fetching content for creatorId=7253e7c3-2413-49bd-971d-aa687a593725
[Controller] getMyContent: Found 16 items
[Controller] getMyContent: Found 16 items
[CreatorOnly] Checking user role...
[CreatorOnly] req.user.role: creator
[CreatorOnly] req.originalUser: none
[CreatorOnly] Access granted. isCreator: true, isAdminImpersonatingCreator: undefined
[Controller] getMyContent: Fetching content for creatorId=7253e7c3-2413-49bd-971d-aa687a593725
[CreatorOnly] Checking user role...
[CreatorOnly] req.user.role: creator
[CreatorOnly] req.originalUser: none
[CreatorOnly] Access granted. isCreator: true, isAdminImpersonatingCreator: undefined
[Controller] getMyContent: Fetching content for creatorId=7253e7c3-2413-49bd-971d-aa687a593725
[Controller] getMyContent: Found 18 items
[Controller] getMyContent: Found 18 items
[INFO] 21:15:37 Restarting: C:\Users\leona\OneDrive\Documents\PoDM\PoDM\PoDM_project\server\controllers\content.controller.ts has been modified
[dotenv@17.2.2] injecting env (7) from server\.env -- tip: 🔐 encrypt with Dotenvx: https://dotenvx.com
--- SERVER STARTING ---
[dotenv@17.2.2] injecting env (0) from .env -- tip: ⚙️  override existing env vars with { override: true }
✅ auth.routes.ts file has been loaded and is running.
🚀 Server (with WebSockets) is running at http://localhost:5000
[CreatorOnly] Checking user role...
[CreatorOnly] req.user.role: creator
[CreatorOnly] req.originalUser: none
[CreatorOnly] Access granted. isCreator: true, isAdminImpersonatingCreator: undefined
[CreatorOnly] Checking user role...
[CreatorOnly] req.user.role: creator
[CreatorOnly] req.originalUser: none
[CreatorOnly] Access granted. isCreator: true, isAdminImpersonatingCreator: undefined
[CreatorOnly] Checking user role...
[CreatorOnly] req.user.role: creator
[CreatorOnly] req.originalUser: none
[CreatorOnly] Access granted. isCreator: true, isAdminImpersonatingCreator: undefined
[CreatorOnly] Checking user role...
[CreatorOnly] req.user.role: creator
[CreatorOnly] req.originalUser: none
[CreatorOnly] Access granted. isCreator: true, isAdminImpersonatingCreator: undefined
[CreatorOnly] Checking user role...
[CreatorOnly] req.user.role: creator
[CreatorOnly] req.originalUser: none
[CreatorOnly] Access granted. isCreator: true, isAdminImpersonatingCreator: undefined
[CreatorOnly] Checking user role...
[CreatorOnly] req.user.role: creator
[CreatorOnly] req.originalUser: none
[CreatorOnly] Access granted. isCreator: true, isAdminImpersonatingCreator: undefined
[CreatorOnly] Checking user role...
[CreatorOnly] req.user.role: creator
[CreatorOnly] req.originalUser: none
[CreatorOnly] Access granted. isCreator: true, isAdminImpersonatingCreator: undefined
[Controller] getMyContent: Fetching content for creatorId=7253e7c3-2413-49bd-971d-aa687a593725
[CreatorOnly] Checking user role...
[CreatorOnly] req.user.role: creator
[CreatorOnly] req.originalUser: none
[CreatorOnly] Access granted. isCreator: true, isAdminImpersonatingCreator: undefined
[Controller] createContent: Processing request body: {
  title: 'Test Post Title',
  description: 'Test Description',
  type: 'photo',
  visibility: 'subscribers_only',
  price: undefined,
  tags: undefined,
  scheduleIsScheduled: false,
  schedulePublishDate: undefined
}
[Controller] createContent: Files received: 1
[CreatorOnly] Checking user role...
[CreatorOnly] req.user.role: creator
[CreatorOnly] req.originalUser: none
[CreatorOnly] Access granted. isCreator: true, isAdminImpersonatingCreator: undefined
[Controller] createContent: Processing request body: {
  title: 'PPV Post',
  description: '',
  type: 'photo',
  visibility: 'pay_per_view',
  price: 500,
  tags: undefined,
  scheduleIsScheduled: false,
  schedulePublishDate: undefined
}
[Controller] createContent: Files received: 1
[CreatorOnly] Checking user role...
[CreatorOnly] req.user.role: creator
[CreatorOnly] req.originalUser: none
[CreatorOnly] Access granted. isCreator: true, isAdminImpersonatingCreator: undefined
[Controller] getMyContent: Fetching content for creatorId=7253e7c3-2413-49bd-971d-aa687a593725
[Controller] getMyContent: Found 18 items
[Controller] getMyContent: Titles: Test Post Title, PPV Post, PPV Post, Test Post Title, Exclusive Video, Welcome to my page!, Exclusive Video, Welcome to my page!, Exclusive Video, Welcome to my page!, Exclusive Video, Welcome to my page!, Exclusive Video, Welcome to my page!, Exclusive Video, Welcome to my page!, Exclusive Video, Welcome to my page!
[Controller] getMyContent: Found 18 items
[Controller] getMyContent: Titles: Test Post Title, PPV Post, PPV Post, Test Post Title, Exclusive Video, Welcome to my page!, Exclusive Video, Welcome to my page!, Exclusive Video, Welcome to my page!, Exclusive Video, Welcome to my page!, Exclusive Video, Welcome to my page!, Exclusive Video, Welcome to my page!, Exclusive Video, Welcome to my page!
[CreatorOnly] Checking user role...
[CreatorOnly] req.user.role: creator
[CreatorOnly] req.originalUser: none
[CreatorOnly] Access granted. isCreator: true, isAdminImpersonatingCreator: undefined
[Controller] getMyContent: Fetching content for creatorId=7253e7c3-2413-49bd-971d-aa687a593725
[CreatorOnly] Checking user role...
[CreatorOnly] req.user.role: creator
[CreatorOnly] req.originalUser: none
[CreatorOnly] Access granted. isCreator: true, isAdminImpersonatingCreator: undefined
[Controller] getMyContent: Fetching content for creatorId=7253e7c3-2413-49bd-971d-aa687a593725
[Controller] getMyContent: Found 20 items
[Controller] getMyContent: Titles: Test Post Title, PPV Post, Test Post Title, PPV Post, PPV Post, Test Post Title, Exclusive Video, Welcome to my page!, Exclusive Video, Welcome to my page!, Exclusive Video, Welcome to my page!, Exclusive Video, Welcome to my page!, Exclusive Video, Welcome to my page!, Exclusive Video, Welcome to my page!, Exclusive Video, Welcome to my page!
[Controller] getMyContent: Found 20 items
[Controller] getMyContent: Titles: Test Post Title, PPV Post, Test Post Title, PPV Post, PPV Post, Test Post Title, Exclusive Video, Welcome to my page!, Exclusive Video, Welcome to my page!, Exclusive Video, Welcome to my page!, Exclusive Video, Welcome to my page!, Exclusive Video, Welcome to my page!, Exclusive Video, Welcome to my page!, Exclusive Video, Welcome to my page!
[CreatorOnly] Checking user role...
[CreatorOnly] req.user.role: creator
[CreatorOnly] req.originalUser: none
[CreatorOnly] Access granted. isCreator: true, isAdminImpersonatingCreator: undefined
[CreatorOnly] Checking user role...
[CreatorOnly] req.user.role: creator
[CreatorOnly] req.originalUser: none
[CreatorOnly] Access granted. isCreator: true, isAdminImpersonatingCreator: undefined
[CreatorOnly] Checking user role...
[CreatorOnly] req.user.role: creator
[CreatorOnly] req.originalUser: none
[CreatorOnly] Access granted. isCreator: true, isAdminImpersonatingCreator: undefined
[CreatorOnly] Checking user role...
[CreatorOnly] req.user.role: creator
[CreatorOnly] req.originalUser: none
[CreatorOnly] Access granted. isCreator: true, isAdminImpersonatingCreator: undefined
[Controller] getMyContent: Fetching content for creatorId=7253e7c3-2413-49bd-971d-aa687a593725
[CreatorOnly] Checking user role...
[CreatorOnly] req.user.role: creator
[CreatorOnly] req.originalUser: none
[CreatorOnly] Access granted. isCreator: true, isAdminImpersonatingCreator: undefined
[Controller] createContent: Processing request body: {
  title: 'Test Post Title',
  description: 'Test Description',
  type: 'photo',
  visibility: 'subscribers_only',
  price: undefined,
  tags: undefined,
  scheduleIsScheduled: false,
  schedulePublishDate: undefined
}
[Controller] createContent: Files received: 1
[Controller] getMyContent: Found 20 items
[Controller] getMyContent: Titles: Test Post Title, PPV Post, Test Post Title, PPV Post, PPV Post, Test Post Title, Exclusive Video, Welcome to my page!, Exclusive Video, Welcome to my page!, Exclusive Video, Welcome to my page!, Exclusive Video, Welcome to my page!, Exclusive Video, Welcome to my page!, Exclusive Video, Welcome to my page!, Exclusive Video, Welcome to my page!
[CreatorOnly] Checking user role...
[CreatorOnly] req.user.role: creator
[CreatorOnly] req.originalUser: none
[CreatorOnly] Access granted. isCreator: true, isAdminImpersonatingCreator: undefined
[Controller] getMyContent: Fetching content for creatorId=7253e7c3-2413-49bd-971d-aa687a593725
[CreatorOnly] Checking user role...
[CreatorOnly] req.user.role: creator
[CreatorOnly] req.originalUser: none
[CreatorOnly] Access granted. isCreator: true, isAdminImpersonatingCreator: undefined
[Controller] createContent: Processing request body: {
  title: 'PPV Post',
  description: '',
  type: 'photo',
  visibility: 'pay_per_view',
  price: 500,
  tags: undefined,
  scheduleIsScheduled: false,
  schedulePublishDate: undefined
}
[Controller] createContent: Files received: 1
[Controller] getMyContent: Found 21 items
[Controller] getMyContent: Titles: Test Post Title, Test Post Title, PPV Post, Test Post Title, PPV Post, PPV Post, Test Post Title, Exclusive Video, Welcome to my page!, Exclusive Video, Welcome to my page!, Exclusive Video, Welcome to my page!, Exclusive Video, Welcome to my page!, Exclusive Video, Welcome to my page!, Exclusive Video, Welcome to my page!, Exclusive Video, Welcome to my page!
[CreatorOnly] Checking user role...
[CreatorOnly] req.user.role: creator
[CreatorOnly] req.originalUser: none
[CreatorOnly] Access granted. isCreator: true, isAdminImpersonatingCreator: undefined
[CreatorOnly] Checking user role...
[CreatorOnly] req.user.role: creator
[CreatorOnly] req.originalUser: none
[CreatorOnly] Access granted. isCreator: true, isAdminImpersonatingCreator: undefined
[Controller] getMyContent: Fetching content for creatorId=7253e7c3-2413-49bd-971d-aa687a593725
[Controller] getMyContent: Found 22 items
[Controller] getMyContent: Titles: PPV Post, Test Post Title, Test Post Title, PPV Post, Test Post Title, PPV Post, PPV Post, Test Post Title, Exclusive Video, Welcome to my page!, Exclusive Video, Welcome to my page!, Exclusive Video, Welcome to my page!, Exclusive Video, Welcome to my page!, Exclusive Video, Welcome to my page!, Exclusive Video, Welcome to my page!, Exclusive Video, Welcome to my page!
[CreatorOnly] Checking user role...
[CreatorOnly] req.user.role: creator
[CreatorOnly] req.originalUser: none
[CreatorOnly] Access granted. isCreator: true, isAdminImpersonatingCreator: undefined
[Controller] getMyContent: Fetching content for creatorId=7253e7c3-2413-49bd-971d-aa687a593725
[Controller] getMyContent: Found 22 items
[Controller] getMyContent: Titles: PPV Post, Test Post Title, Test Post Title, PPV Post, Test Post Title, PPV Post, PPV Post, Test Post Title, Exclusive Video, Welcome to my page!, Exclusive Video, Welcome to my page!, Exclusive Video, Welcome to my page!, Exclusive Video, Welcome to my page!, Exclusive Video, Welcome to my page!, Exclusive Video, Welcome to my page!, Exclusive Video, Welcome to my page!
[INFO] 21:33:00 Restarting: C:\Users\leona\OneDrive\Documents\PoDM\PoDM\PoDM_project\server\controllers\content.controller.ts has been modified
[dotenv@17.2.2] injecting env (7) from server\.env -- tip: 📡 auto-backup env with Radar: https://dotenvx.com/radar
--- SERVER STARTING ---
[dotenv@17.2.2] injecting env (0) from .env -- tip: 📡 version env with Radar: https://dotenvx.com/radar
✅ auth.routes.ts file has been loaded and is running.
🚀 Server (with WebSockets) is running at http://localhost:5000
[CreatorOnly] Checking user role...
[CreatorOnly] req.user.role: creator
[CreatorOnly] req.originalUser: none
[CreatorOnly] Access granted. isCreator: true, isAdminImpersonatingCreator: undefined
[CreatorOnly] Checking user role...
[CreatorOnly] req.user.role: creator
[CreatorOnly] req.originalUser: none
[CreatorOnly] Access granted. isCreator: true, isAdminImpersonatingCreator: undefined
[CreatorOnly] Checking user role...
[CreatorOnly] req.user.role: creator
[CreatorOnly] req.originalUser: none
[CreatorOnly] Access granted. isCreator: true, isAdminImpersonatingCreator: undefined
[CreatorOnly] Checking user role...
[CreatorOnly] req.user.role: creator
[CreatorOnly] req.originalUser: none
[CreatorOnly] Access granted. isCreator: true, isAdminImpersonatingCreator: undefined
[Controller] getMyContent: Fetching content for creatorId=7253e7c3-2413-49bd-971d-aa687a593725
[CreatorOnly] Checking user role...
[CreatorOnly] req.user.role: creator
[CreatorOnly] req.originalUser: none
[CreatorOnly] Access granted. isCreator: true, isAdminImpersonatingCreator: undefined
[Controller] createContent: Processing request body: {
  title: 'Test Post Title',
  description: 'Test Description',
  type: 'photo',
  visibility: 'subscribers_only',
  price: undefined,
  tags: undefined,
  scheduleIsScheduled: false,
  schedulePublishDate: undefined
}
[Controller] createContent: Files received: 1
[CreatorOnly] Checking user role...
[CreatorOnly] req.user.role: creator
[CreatorOnly] req.originalUser: none
[CreatorOnly] Access granted. isCreator: true, isAdminImpersonatingCreator: undefined
[Controller] getMyContent: Fetching content for creatorId=7253e7c3-2413-49bd-971d-aa687a593725
[Controller] getMyContent: Found 22 items
[Controller] getMyContent: Titles: PPV Post, Test Post Title, Test Post Title, PPV Post, Test Post Title, PPV Post, PPV Post, Test Post Title, Exclusive Video, Welcome to my page!, Exclusive Video, Welcome to my page!, Exclusive Video, Welcome to my page!, Exclusive Video, Welcome to my page!, Exclusive Video, Welcome to my page!, Exclusive Video, Welcome to my page!, Exclusive Video, Welcome to my page!
[Controller] First Item Full: {
  "id": 46,
  "creator_id": "7253e7c3-2413-49bd-971d-aa687a593725",
  "title": "PPV Post",
  "description": "",
  "type": "photo",
  "files": [
    {
      "id": "1765420292932-ppv.png",
      "url": "7253e7c3-2413-49bd-971d-aa687a593725/1765420292932-ppv.png",
      "size": 70,
      "mimeType": "image/png",
      "thumbnailUrl": "7253e7c3-2413-49bd-971d-aa687a593725/thumb-1765420292932-ppv.png.webp"
    }
  ],
  "visibility": "pay_per_view",
  "price": 500,
  "tags": null,
  "stats": {
    "tips": 0,
    "views": 0,
    "galleryAdds": 0
  },
  "schedule": {
    "isScheduled": false
  },
  "status": "published",
  "created_at": "2025-12-11T02:31:33.393564+00:00",
  "updated_at": "2025-12-11T02:31:33.393564+00:00",
  "min_tier_level": 1,
  "_id": "46",
  "minTierLevel": 1
}
[CreatorOnly] Checking user role...
[CreatorOnly] req.user.role: creator
[CreatorOnly] req.originalUser: none
[CreatorOnly] Access granted. isCreator: true, isAdminImpersonatingCreator: undefined
[Controller] getMyContent: Found 22 items
[Controller] getMyContent: Titles: PPV Post, Test Post Title, Test Post Title, PPV Post, Test Post Title, PPV Post, PPV Post, Test Post Title, Exclusive Video, Welcome to my page!, Exclusive Video, Welcome to my page!, Exclusive Video, Welcome to my page!, Exclusive Video, Welcome to my page!, Exclusive Video, Welcome to my page!, Exclusive Video, Welcome to my page!, Exclusive Video, Welcome to my page!
[Controller] First Item Full: {
  "id": 46,
  "creator_id": "7253e7c3-2413-49bd-971d-aa687a593725",
  "title": "PPV Post",
  "description": "",
  "type": "photo",
  "files": [
    {
      "id": "1765420292932-ppv.png",
      "url": "7253e7c3-2413-49bd-971d-aa687a593725/1765420292932-ppv.png",
      "size": 70,
      "mimeType": "image/png",
      "thumbnailUrl": "7253e7c3-2413-49bd-971d-aa687a593725/thumb-1765420292932-ppv.png.webp"
    }
  ],
  "visibility": "pay_per_view",
  "price": 500,
  "tags": null,
  "stats": {
    "tips": 0,
    "views": 0,
    "galleryAdds": 0
  },
  "schedule": {
    "isScheduled": false
  },
  "status": "published",
  "created_at": "2025-12-11T02:31:33.393564+00:00",
  "updated_at": "2025-12-11T02:31:33.393564+00:00",
  "min_tier_level": 1,
  "_id": "46",
  "minTierLevel": 1
}
[CreatorOnly] Checking user role...
[CreatorOnly] req.user.role: creator
[CreatorOnly] req.originalUser: none
[CreatorOnly] Access granted. isCreator: true, isAdminImpersonatingCreator: undefined
[CreatorOnly] Checking user role...
[CreatorOnly] req.user.role: creator
[CreatorOnly] req.originalUser: none
[CreatorOnly] Access granted. isCreator: true, isAdminImpersonatingCreator: undefined
[Controller] getMyContent: Fetching content for creatorId=7253e7c3-2413-49bd-971d-aa687a593725
[CreatorOnly] Checking user role...
[CreatorOnly] req.user.role: creator
[CreatorOnly] req.originalUser: none
[CreatorOnly] Access granted. isCreator: true, isAdminImpersonatingCreator: undefined
[Controller] getMyContent: Fetching content for creatorId=7253e7c3-2413-49bd-971d-aa687a593725
[Controller] getMyContent: Found 23 items
[Controller] getMyContent: Titles: Test Post Title, PPV Post, Test Post Title, Test Post Title, PPV Post, Test Post Title, PPV Post, PPV Post, Test Post Title, Exclusive Video, Welcome to my page!, Exclusive Video, Welcome to my page!, Exclusive Video, Welcome to my page!, Exclusive Video, Welcome to my page!, Exclusive Video, Welcome to my page!, Exclusive Video, Welcome to my page!, Exclusive Video, Welcome to my page!
[Controller] First Item Full: {
  "id": 47,
  "creator_id": "7253e7c3-2413-49bd-971d-aa687a593725",
  "title": "Test Post Title",
  "description": "Test Description",
  "type": "photo",
  "files": [
    {
      "id": "1765420800481-test.png",
      "url": "7253e7c3-2413-49bd-971d-aa687a593725/1765420800481-test.png",
      "size": 70,
      "mimeType": "image/png",
      "thumbnailUrl": "7253e7c3-2413-49bd-971d-aa687a593725/thumb-1765420800481-test.png.webp"
    }
  ],
  "visibility": "subscribers_only",
  "price": null,
  "tags": null,
  "stats": {
    "tips": 0,
    "views": 0,
    "galleryAdds": 0
  },
  "schedule": {
    "isScheduled": false
  },
  "status": "published",
  "created_at": "2025-12-11T02:40:01.419936+00:00",
  "updated_at": "2025-12-11T02:40:01.419936+00:00",
  "min_tier_level": 1,
  "_id": "47",
  "minTierLevel": 1
}
[Controller] getMyContent: Found 23 items
[Controller] getMyContent: Titles: Test Post Title, PPV Post, Test Post Title, Test Post Title, PPV Post, Test Post Title, PPV Post, PPV Post, Test Post Title, Exclusive Video, Welcome to my page!, Exclusive Video, Welcome to my page!, Exclusive Video, Welcome to my page!, Exclusive Video, Welcome to my page!, Exclusive Video, Welcome to my page!, Exclusive Video, Welcome to my page!, Exclusive Video, Welcome to my page!
[Controller] First Item Full: {
  "id": 47,
  "creator_id": "7253e7c3-2413-49bd-971d-aa687a593725",
  "title": "Test Post Title",
  "description": "Test Description",
  "type": "photo",
  "files": [
    {
      "id": "1765420800481-test.png",
      "url": "7253e7c3-2413-49bd-971d-aa687a593725/1765420800481-test.png",
      "size": 70,
      "mimeType": "image/png",
      "thumbnailUrl": "7253e7c3-2413-49bd-971d-aa687a593725/thumb-1765420800481-test.png.webp"
    }
  ],
  "visibility": "subscribers_only",
  "price": null,
  "tags": null,
  "stats": {
    "tips": 0,
    "views": 0,
    "galleryAdds": 0
  },
  "schedule": {
    "isScheduled": false
  },
  "status": "published",
  "created_at": "2025-12-11T02:40:01.419936+00:00",
  "updated_at": "2025-12-11T02:40:01.419936+00:00",
  "min_tier_level": 1,
  "_id": "47",
  "minTierLevel": 1
}
[CreatorOnly] Checking user role...
[CreatorOnly] req.user.role: creator
[CreatorOnly] req.originalUser: none
[CreatorOnly] Access granted. isCreator: true, isAdminImpersonatingCreator: undefined
[CreatorOnly] Checking user role...
[CreatorOnly] req.user.role: creator
[CreatorOnly] req.originalUser: none
[CreatorOnly] Access granted. isCreator: true, isAdminImpersonatingCreator: undefined
[CreatorOnly] Checking user role...
[CreatorOnly] req.user.role: creator
[CreatorOnly] req.originalUser: none
[CreatorOnly] Access granted. isCreator: true, isAdminImpersonatingCreator: undefined
[CreatorOnly] Checking user role...
[CreatorOnly] req.user.role: creator
[CreatorOnly] req.originalUser: none
[CreatorOnly] Access granted. isCreator: true, isAdminImpersonatingCreator: undefined
[CreatorOnly] Checking user role...
[CreatorOnly] req.user.role: creator
[CreatorOnly] req.originalUser: none
[CreatorOnly] Access granted. isCreator: true, isAdminImpersonatingCreator: undefined
[CreatorOnly] Checking user role...
[CreatorOnly] req.user.role: creator
[CreatorOnly] req.originalUser: none
[CreatorOnly] Access granted. isCreator: true, isAdminImpersonatingCreator: undefined
[Controller] getMyContent: Fetching content for creatorId=7253e7c3-2413-49bd-971d-aa687a593725
[CreatorOnly] Checking user role...
[CreatorOnly] req.user.role: creator
[CreatorOnly] req.originalUser: none
[CreatorOnly] Access granted. isCreator: true, isAdminImpersonatingCreator: undefined
[Controller] getMyContent: Fetching content for creatorId=7253e7c3-2413-49bd-971d-aa687a593725
[CreatorOnly] Checking user role...
[CreatorOnly] req.user.role: creator
[CreatorOnly] req.originalUser: none
[CreatorOnly] Access granted. isCreator: true, isAdminImpersonatingCreator: undefined
[Controller] createContent: Processing request body: {
  title: 'Test Post Title',
  description: 'Test Description',
  type: 'photo',
  visibility: 'subscribers_only',
  price: undefined,
  tags: undefined,
  scheduleIsScheduled: false,
  schedulePublishDate: undefined
}
[Controller] createContent: Files received: 1
[Controller] getMyContent: Found 23 items
[Controller] getMyContent: Titles: Test Post Title, PPV Post, Test Post Title, Test Post Title, PPV Post, Test Post Title, PPV Post, PPV Post, Test Post Title, Exclusive Video, Welcome to my page!, Exclusive Video, Welcome to my page!, Exclusive Video, Welcome to my page!, Exclusive Video, Welcome to my page!, Exclusive Video, Welcome to my page!, Exclusive Video, Welcome to my page!, Exclusive Video, Welcome to my page!
[Controller] First Item Full: {
  "id": 47,
  "creator_id": "7253e7c3-2413-49bd-971d-aa687a593725",
  "title": "Test Post Title",
  "description": "Test Description",
  "type": "photo",
  "files": [
    {
      "id": "1765420800481-test.png",
      "url": "7253e7c3-2413-49bd-971d-aa687a593725/1765420800481-test.png",
      "size": 70,
      "mimeType": "image/png",
      "thumbnailUrl": "7253e7c3-2413-49bd-971d-aa687a593725/thumb-1765420800481-test.png.webp"
    }
  ],
  "visibility": "subscribers_only",
  "price": null,
  "tags": null,
  "stats": {
    "tips": 0,
    "views": 0,
    "galleryAdds": 0
  },
  "schedule": {
    "isScheduled": false
  },
  "status": "published",
  "created_at": "2025-12-11T02:40:01.419936+00:00",
  "updated_at": "2025-12-11T02:40:01.419936+00:00",
  "min_tier_level": 1,
  "_id": "47",
  "minTierLevel": 1
}
[Controller] getMyContent: Found 23 items
[Controller] getMyContent: Titles: Test Post Title, PPV Post, Test Post Title, Test Post Title, PPV Post, Test Post Title, PPV Post, PPV Post, Test Post Title, Exclusive Video, Welcome to my page!, Exclusive Video, Welcome to my page!, Exclusive Video, Welcome to my page!, Exclusive Video, Welcome to my page!, Exclusive Video, Welcome to my page!, Exclusive Video, Welcome to my page!, Exclusive Video, Welcome to my page!
[Controller] First Item Full: {
  "id": 47,
  "creator_id": "7253e7c3-2413-49bd-971d-aa687a593725",
  "title": "Test Post Title",
  "description": "Test Description",
  "type": "photo",
  "files": [
    {
      "id": "1765420800481-test.png",
      "url": "7253e7c3-2413-49bd-971d-aa687a593725/1765420800481-test.png",
      "size": 70,
      "mimeType": "image/png",
      "thumbnailUrl": "7253e7c3-2413-49bd-971d-aa687a593725/thumb-1765420800481-test.png.webp"
    }
  ],
  "visibility": "subscribers_only",
  "price": null,
  "tags": null,
  "stats": {
    "tips": 0,
    "views": 0,
    "galleryAdds": 0
  },
  "schedule": {
    "isScheduled": false
  },
  "status": "published",
  "created_at": "2025-12-11T02:40:01.419936+00:00",
  "updated_at": "2025-12-11T02:40:01.419936+00:00",
  "min_tier_level": 1,
  "_id": "47",
  "minTierLevel": 1
}
[CreatorOnly] Checking user role...
[CreatorOnly] req.user.role: creator
[CreatorOnly] req.originalUser: none
[CreatorOnly] Access granted. isCreator: true, isAdminImpersonatingCreator: undefined
[Controller] getMyContent: Fetching content for creatorId=7253e7c3-2413-49bd-971d-aa687a593725
[Controller] getMyContent: Found 24 items
[Controller] getMyContent: Titles: Test Post Title, Test Post Title, PPV Post, Test Post Title, Test Post Title, PPV Post, Test Post Title, PPV Post, PPV Post, Test Post Title, Exclusive Video, Welcome to my page!, Exclusive Video, Welcome to my page!, Exclusive Video, Welcome to my page!, Exclusive Video, Welcome to my page!, Exclusive Video, Welcome to my page!, Exclusive Video, Welcome to my page!, Exclusive Video, Welcome to my page!
[Controller] First Item Full: {
  "id": 48,
  "creator_id": "7253e7c3-2413-49bd-971d-aa687a593725",
  "title": "Test Post Title",
  "description": "Test Description",
  "type": "photo",
  "files": [
    {
      "id": "1765423277553-test.png",
      "url": "7253e7c3-2413-49bd-971d-aa687a593725/1765423277553-test.png",
      "size": 70,
      "mimeType": "image/png",
      "thumbnailUrl": "7253e7c3-2413-49bd-971d-aa687a593725/thumb-1765423277553-test.png.webp"
    }
  ],
  "visibility": "subscribers_only",
  "price": null,
  "tags": null,
  "stats": {
    "tips": 0,
    "views": 0,
    "galleryAdds": 0
  },
  "schedule": {
    "isScheduled": false
  },
  "status": "published",
  "created_at": "2025-12-11T03:21:18.207565+00:00",
  "updated_at": "2025-12-11T03:21:18.207565+00:00",
  "min_tier_level": 1,
  "_id": "48",
  "minTierLevel": 1
}
[CreatorOnly] Checking user role...
[CreatorOnly] req.user.role: creator
[CreatorOnly] req.originalUser: none
[CreatorOnly] Access granted. isCreator: true, isAdminImpersonatingCreator: undefined
[CreatorOnly] Checking user role...
[CreatorOnly] req.user.role: creator
[CreatorOnly] req.originalUser: none
[CreatorOnly] Access granted. isCreator: true, isAdminImpersonatingCreator: undefined
[CreatorOnly] Checking user role...
[CreatorOnly] req.user.role: creator
[CreatorOnly] req.originalUser: none
[CreatorOnly] Access granted. isCreator: true, isAdminImpersonatingCreator: undefined
[CreatorOnly] Checking user role...
[CreatorOnly] req.user.role: creator
[CreatorOnly] req.originalUser: none
[CreatorOnly] Access granted. isCreator: true, isAdminImpersonatingCreator: undefined
[CreatorOnly] Checking user role...
[CreatorOnly] req.user.role: creator
[CreatorOnly] req.originalUser: none
[CreatorOnly] Access granted. isCreator: true, isAdminImpersonatingCreator: undefined
[Controller] getMyContent: Fetching content for creatorId=7253e7c3-2413-49bd-971d-aa687a593725
[CreatorOnly] Checking user role...
[CreatorOnly] req.user.role: creator
[CreatorOnly] req.originalUser: none
[CreatorOnly] Access granted. isCreator: true, isAdminImpersonatingCreator: undefined
[Controller] createContent: Processing request body: {
  title: 'Test Post Title',
  description: 'Test Description',
  type: 'photo',
  visibility: 'subscribers_only',
  price: undefined,
  tags: undefined,
  scheduleIsScheduled: false,
  schedulePublishDate: undefined
}
[Controller] createContent: Files received: 1
[Controller] getMyContent: Found 24 items
[Controller] getMyContent: Titles: Test Post Title, Test Post Title, PPV Post, Test Post Title, Test Post Title, PPV Post, Test Post Title, PPV Post, PPV Post, Test Post Title, Exclusive Video, Welcome to my page!, Exclusive Video, Welcome to my page!, Exclusive Video, Welcome to my page!, Exclusive Video, Welcome to my page!, Exclusive Video, Welcome to my page!, Exclusive Video, Welcome to my page!, Exclusive Video, Welcome to my page!
[Controller] First Item Full: {
  "id": 48,
  "creator_id": "7253e7c3-2413-49bd-971d-aa687a593725",
  "title": "Test Post Title",
  "description": "Test Description",
  "type": "photo",
  "files": [
    {
      "id": "1765423277553-test.png",
      "url": "7253e7c3-2413-49bd-971d-aa687a593725/1765423277553-test.png",
      "size": 70,
      "mimeType": "image/png",
      "thumbnailUrl": "7253e7c3-2413-49bd-971d-aa687a593725/thumb-1765423277553-test.png.webp"
    }
  ],
  "visibility": "subscribers_only",
  "price": null,
  "tags": null,
  "stats": {
    "tips": 0,
    "views": 0,
    "galleryAdds": 0
  },
  "schedule": {
    "isScheduled": false
  },
  "status": "published",
  "created_at": "2025-12-11T03:21:18.207565+00:00",
  "updated_at": "2025-12-11T03:21:18.207565+00:00",
  "min_tier_level": 1,
  "_id": "48",
  "minTierLevel": 1
}
[CreatorOnly] Checking user role...
[CreatorOnly] req.user.role: creator
[CreatorOnly] req.originalUser: none
[CreatorOnly] Access granted. isCreator: true, isAdminImpersonatingCreator: undefined
[Controller] getMyContent: Fetching content for creatorId=7253e7c3-2413-49bd-971d-aa687a593725
[CreatorOnly] Checking user role...
[CreatorOnly] req.user.role: creator
[CreatorOnly] req.originalUser: none
[CreatorOnly] Access granted. isCreator: true, isAdminImpersonatingCreator: undefined
[CreatorOnly] Checking user role...
[CreatorOnly] req.user.role: creator
[CreatorOnly] req.originalUser: none
[CreatorOnly] Access granted. isCreator: true, isAdminImpersonatingCreator: undefined
[Controller] createContent: Processing request body: {
  title: 'PPV Post',
  description: '',
  type: 'photo',
  visibility: 'pay_per_view',
  price: 500,
  tags: undefined,
  scheduleIsScheduled: false,
  schedulePublishDate: undefined
}
[Controller] createContent: Files received: 1
[Controller] getMyContent: Found 24 items
[Controller] getMyContent: Titles: Test Post Title, Test Post Title, PPV Post, Test Post Title, Test Post Title, PPV Post, Test Post Title, PPV Post, PPV Post, Test Post Title, Exclusive Video, Welcome to my page!, Exclusive Video, Welcome to my page!, Exclusive Video, Welcome to my page!, Exclusive Video, Welcome to my page!, Exclusive Video, Welcome to my page!, Exclusive Video, Welcome to my page!, Exclusive Video, Welcome to my page!
[Controller] First Item Full: {
  "id": 48,
  "creator_id": "7253e7c3-2413-49bd-971d-aa687a593725",
  "title": "Test Post Title",
  "description": "Test Description",
  "type": "photo",
  "files": [
    {
      "id": "1765423277553-test.png",
      "url": "7253e7c3-2413-49bd-971d-aa687a593725/1765423277553-test.png",
      "size": 70,
      "mimeType": "image/png",
      "thumbnailUrl": "7253e7c3-2413-49bd-971d-aa687a593725/thumb-1765423277553-test.png.webp"
    }
  ],
  "visibility": "subscribers_only",
  "price": null,
  "tags": null,
  "stats": {
    "tips": 0,
    "views": 0,
    "galleryAdds": 0
  },
  "schedule": {
    "isScheduled": false
  },
  "status": "published",
  "created_at": "2025-12-11T03:21:18.207565+00:00",
  "updated_at": "2025-12-11T03:21:18.207565+00:00",
  "min_tier_level": 1,
  "_id": "48",
  "minTierLevel": 1
}
[CreatorOnly] Checking user role...
[CreatorOnly] req.user.role: creator
[CreatorOnly] req.originalUser: none
[CreatorOnly] Access granted. isCreator: true, isAdminImpersonatingCreator: undefined
[Controller] getMyContent: Fetching content for creatorId=7253e7c3-2413-49bd-971d-aa687a593725
[Controller] getMyContent: Found 26 items
[Controller] getMyContent: Titles: PPV Post, Test Post Title, Test Post Title, Test Post Title, PPV Post, Test Post Title, Test Post Title, PPV Post, Test Post Title, PPV Post, PPV Post, Test Post Title, Exclusive Video, Welcome to my page!, Exclusive Video, Welcome to my page!, Exclusive Video, Welcome to my page!, Exclusive Video, Welcome to my page!, Exclusive Video, Welcome to my page!, Exclusive Video, Welcome to my page!, Exclusive Video, Welcome to my page!
[Controller] First Item Full: {
  "id": 50,
  "creator_id": "7253e7c3-2413-49bd-971d-aa687a593725",
  "title": "PPV Post",
  "description": "",
  "type": "photo",
  "files": [
    {
      "id": "1765423445885-ppv.png",
      "url": "7253e7c3-2413-49bd-971d-aa687a593725/1765423445885-ppv.png",
      "size": 70,
      "mimeType": "image/png",
      "thumbnailUrl": "7253e7c3-2413-49bd-971d-aa687a593725/thumb-1765423445885-ppv.png.webp"
    }
  ],
  "visibility": "pay_per_view",
  "price": 500,
  "tags": null,
  "stats": {
    "tips": 0,
    "views": 0,
    "galleryAdds": 0
  },
  "schedule": {
    "isScheduled": false
  },
  "status": "published",
  "created_at": "2025-12-11T03:24:06.405025+00:00",
  "updated_at": "2025-12-11T03:24:06.405025+00:00",
  "min_tier_level": 1,
  "_id": "50",
  "minTierLevel": 1
}
[CreatorOnly] Checking user role...
[CreatorOnly] req.user.role: creator
[CreatorOnly] req.originalUser: none
[CreatorOnly] Access granted. isCreator: true, isAdminImpersonatingCreator: undefined
[Controller] getMyContent: Fetching content for creatorId=7253e7c3-2413-49bd-971d-aa687a593725
[Controller] getMyContent: Found 26 items
[Controller] getMyContent: Titles: PPV Post, Test Post Title, Test Post Title, Test Post Title, PPV Post, Test Post Title, Test Post Title, PPV Post, Test Post Title, PPV Post, PPV Post, Test Post Title, Exclusive Video, Welcome to my page!, Exclusive Video, Welcome to my page!, Exclusive Video, Welcome to my page!, Exclusive Video, Welcome to my page!, Exclusive Video, Welcome to my page!, Exclusive Video, Welcome to my page!, Exclusive Video, Welcome to my page!
[Controller] First Item Full: {
  "id": 50,
  "creator_id": "7253e7c3-2413-49bd-971d-aa687a593725",
  "title": "PPV Post",
  "description": "",
  "type": "photo",
  "files": [
    {
      "id": "1765423445885-ppv.png",
      "url": "7253e7c3-2413-49bd-971d-aa687a593725/1765423445885-ppv.png",
      "size": 70,
      "mimeType": "image/png",
      "thumbnailUrl": "7253e7c3-2413-49bd-971d-aa687a593725/thumb-1765423445885-ppv.png.webp"
    }
  ],
  "visibility": "pay_per_view",
  "price": 500,
  "tags": null,
  "stats": {
    "tips": 0,
    "views": 0,
    "galleryAdds": 0
  },
  "schedule": {
    "isScheduled": false
  },
  "status": "published",
  "created_at": "2025-12-11T03:24:06.405025+00:00",
  "updated_at": "2025-12-11T03:24:06.405025+00:00",
  "min_tier_level": 1,
  "_id": "50",
  "minTierLevel": 1
}
[CreatorOnly] Checking user role...
[CreatorOnly] req.user.role: creator
[CreatorOnly] req.originalUser: none
[CreatorOnly] Access granted. isCreator: true, isAdminImpersonatingCreator: undefined
[CreatorOnly] Checking user role...
[CreatorOnly] req.user.role: creator
[CreatorOnly] req.originalUser: none
[CreatorOnly] Access granted. isCreator: true, isAdminImpersonatingCreator: undefined
[CreatorOnly] Checking user role...
[CreatorOnly] req.user.role: creator
[CreatorOnly] req.originalUser: none
[CreatorOnly] Access granted. isCreator: true, isAdminImpersonatingCreator: undefined
[CreatorOnly] Checking user role...
[CreatorOnly] req.user.role: creator
[CreatorOnly] req.originalUser: none
[CreatorOnly] Access granted. isCreator: true, isAdminImpersonatingCreator: undefined
[Controller] getMyContent: Fetching content for creatorId=7253e7c3-2413-49bd-971d-aa687a593725
[CreatorOnly] Checking user role...
[CreatorOnly] req.user.role: creator
[CreatorOnly] req.originalUser: none
[CreatorOnly] Access granted. isCreator: true, isAdminImpersonatingCreator: undefined
[Controller] getMyContent: Fetching content for creatorId=7253e7c3-2413-49bd-971d-aa687a593725
[Controller] getMyContent: Found 26 items
[Controller] getMyContent: Titles: PPV Post, Test Post Title, Test Post Title, Test Post Title, PPV Post, Test Post Title, Test Post Title, PPV Post, Test Post Title, PPV Post, PPV Post, Test Post Title, Exclusive Video, Welcome to my page!, Exclusive Video, Welcome to my page!, Exclusive Video, Welcome to my page!, Exclusive Video, Welcome to my page!, Exclusive Video, Welcome to my page!, Exclusive Video, Welcome to my page!, Exclusive Video, Welcome to my page!
[Controller] First Item Full: {
  "id": 50,
  "creator_id": "7253e7c3-2413-49bd-971d-aa687a593725",
  "title": "PPV Post",
  "description": "",
  "type": "photo",
  "files": [
    {
      "id": "1765423445885-ppv.png",
      "url": "7253e7c3-2413-49bd-971d-aa687a593725/1765423445885-ppv.png",
      "size": 70,
      "mimeType": "image/png",
      "thumbnailUrl": "7253e7c3-2413-49bd-971d-aa687a593725/thumb-1765423445885-ppv.png.webp"
    }
  ],
  "visibility": "pay_per_view",
  "price": 500,
  "tags": null,
  "stats": {
    "tips": 0,
    "views": 0,
    "galleryAdds": 0
  },
  "schedule": {
    "isScheduled": false
  },
  "status": "published",
  "created_at": "2025-12-11T03:24:06.405025+00:00",
  "updated_at": "2025-12-11T03:24:06.405025+00:00",
  "min_tier_level": 1,
  "_id": "50",
  "minTierLevel": 1
}
[Controller] getMyContent: Found 26 items
[Controller] getMyContent: Titles: PPV Post, Test Post Title, Test Post Title, Test Post Title, PPV Post, Test Post Title, Test Post Title, PPV Post, Test Post Title, PPV Post, PPV Post, Test Post Title, Exclusive Video, Welcome to my page!, Exclusive Video, Welcome to my page!, Exclusive Video, Welcome to my page!, Exclusive Video, Welcome to my page!, Exclusive Video, Welcome to my page!, Exclusive Video, Welcome to my page!, Exclusive Video, Welcome to my page!
[Controller] First Item Full: {
  "id": 50,
  "creator_id": "7253e7c3-2413-49bd-971d-aa687a593725",
  "title": "PPV Post",
  "description": "",
  "type": "photo",
  "files": [
    {
      "id": "1765423445885-ppv.png",
      "url": "7253e7c3-2413-49bd-971d-aa687a593725/1765423445885-ppv.png",
      "size": 70,
      "mimeType": "image/png",
      "thumbnailUrl": "7253e7c3-2413-49bd-971d-aa687a593725/thumb-1765423445885-ppv.png.webp"
    }
  ],
  "visibility": "pay_per_view",
  "price": 500,
  "tags": null,
  "stats": {
    "tips": 0,
    "views": 0,
    "galleryAdds": 0
  },
  "schedule": {
    "isScheduled": false
  },
  "status": "published",
  "created_at": "2025-12-11T03:24:06.405025+00:00",
  "updated_at": "2025-12-11T03:24:06.405025+00:00",
  "min_tier_level": 1,
  "_id": "50",
  "minTierLevel": 1
}
[CreatorOnly] Checking user role...
[CreatorOnly] req.user.role: creator
[CreatorOnly] req.originalUser: none
[CreatorOnly] Access granted. isCreator: true, isAdminImpersonatingCreator: undefined
[Controller] createContent: Processing request body: {
  title: 'Test Post Title',
  description: 'Test Description',
  type: 'photo',
  visibility: 'subscribers_only',
  price: undefined,
  tags: undefined,
  scheduleIsScheduled: false,
  schedulePublishDate: undefined
}
[Controller] createContent: Files received: 1
[CreatorOnly] Checking user role...
[CreatorOnly] req.user.role: creator
[CreatorOnly] req.originalUser: none
[CreatorOnly] Access granted. isCreator: true, isAdminImpersonatingCreator: undefined
[Controller] createContent: Processing request body: {
  title: 'PPV Post',
  description: '',
  type: 'photo',
  visibility: 'pay_per_view',
  price: 500,
  tags: undefined,
  scheduleIsScheduled: false,
  schedulePublishDate: undefined
}
[Controller] createContent: Files received: 1
[Controller] getSecureContentUrl: Request for contentId="45" by userId="7253e7c3-2413-49bd-971d-aa687a593725"
[Service] getSecureUrlForThumbnail: Verifying access for userId="7253e7c3-2413-49bd-971d-aa687a593725" to contentId="45"
[Model] findContentById: Querying database for content with id=45
[Controller] getSecureContentUrl: Request for contentId="50" by userId="7253e7c3-2413-49bd-971d-aa687a593725"
[Service] getSecureUrlForThumbnail: Verifying access for userId="7253e7c3-2413-49bd-971d-aa687a593725" to contentId="50"
[Model] findContentById: Querying database for content with id=50
[Controller] getSecureContentUrl: Request for contentId="49" by userId="7253e7c3-2413-49bd-971d-aa687a593725"
[Service] getSecureUrlForThumbnail: Verifying access for userId="7253e7c3-2413-49bd-971d-aa687a593725" to contentId="49"
[Model] findContentById: Querying database for content with id=49
[Controller] getSecureContentUrl: Request for contentId="50" by userId="7253e7c3-2413-49bd-971d-aa687a593725"
[Service] getSecureUrlForThumbnail: Verifying access for userId="7253e7c3-2413-49bd-971d-aa687a593725" to contentId="50"
[Model] findContentById: Querying database for content with id=50
[Controller] getSecureContentUrl: Request for contentId="46" by userId="7253e7c3-2413-49bd-971d-aa687a593725"
[Service] getSecureUrlForThumbnail: Verifying access for userId="7253e7c3-2413-49bd-971d-aa687a593725" to contentId="46"
[Model] findContentById: Querying database for content with id=46
[Controller] getSecureContentUrl: Request for contentId="49" by userId="7253e7c3-2413-49bd-971d-aa687a593725"
[Service] getSecureUrlForThumbnail: Verifying access for userId="7253e7c3-2413-49bd-971d-aa687a593725" to contentId="49"
[Model] findContentById: Querying database for content with id=49
[Controller] getSecureContentUrl: Request for contentId="48" by userId="7253e7c3-2413-49bd-971d-aa687a593725"
[Service] getSecureUrlForThumbnail: Verifying access for userId="7253e7c3-2413-49bd-971d-aa687a593725" to contentId="48"
[Model] findContentById: Querying database for content with id=48
[Controller] getSecureContentUrl: Request for contentId="48" by userId="7253e7c3-2413-49bd-971d-aa687a593725"
[Service] getSecureUrlForThumbnail: Verifying access for userId="7253e7c3-2413-49bd-971d-aa687a593725" to contentId="48"
[Model] findContentById: Querying database for content with id=48
[Controller] getSecureContentUrl: Request for contentId="47" by userId="7253e7c3-2413-49bd-971d-aa687a593725"
[Service] getSecureUrlForThumbnail: Verifying access for userId="7253e7c3-2413-49bd-971d-aa687a593725" to contentId="47"
[Model] findContentById: Querying database for content with id=47
[Controller] getSecureContentUrl: Request for contentId="47" by userId="7253e7c3-2413-49bd-971d-aa687a593725"
[Service] getSecureUrlForThumbnail: Verifying access for userId="7253e7c3-2413-49bd-971d-aa687a593725" to contentId="47"
[Model] findContentById: Querying database for content with id=47
[Model] Successfully found content for id=50.
[Service] Found content: PPV Post (Creator ID: 7253e7c3-2413-49bd-971d-aa687a593725)
[Service] User is the owner. Granting access.
[Service] Full thumbnail URL from DB: 7253e7c3-2413-49bd-971d-aa687a593725/thumb-1765423445885-ppv.png.webp
[Service] Path from DB: 7253e7c3-2413-49bd-971d-aa687a593725/thumb-1765423445885-ppv.png.webp
[Service] Using relative path for Supabase: 7253e7c3-2413-49bd-971d-aa687a593725/thumb-1765423445885-ppv.png.webp
[Model] Successfully found content for id=45.
[Service] Found content: Test Post Title (Creator ID: 7253e7c3-2413-49bd-971d-aa687a593725)
[Service] User is the owner. Granting access.
[Service] Full thumbnail URL from DB: 7253e7c3-2413-49bd-971d-aa687a593725/thumb-1765420292423-test.png.webp
[Service] Path from DB: 7253e7c3-2413-49bd-971d-aa687a593725/thumb-1765420292423-test.png.webp
[Service] Using relative path for Supabase: 7253e7c3-2413-49bd-971d-aa687a593725/thumb-1765420292423-test.png.webp
[Model] Successfully found content for id=49.
[Service] Found content: Test Post Title (Creator ID: 7253e7c3-2413-49bd-971d-aa687a593725)
[Service] User is the owner. Granting access.
[Service] Full thumbnail URL from DB: 7253e7c3-2413-49bd-971d-aa687a593725/thumb-1765423445603-test.png.webp
[Service] Path from DB: 7253e7c3-2413-49bd-971d-aa687a593725/thumb-1765423445603-test.png.webp
[Service] Using relative path for Supabase: 7253e7c3-2413-49bd-971d-aa687a593725/thumb-1765423445603-test.png.webp
[Model] Successfully found content for id=46.
[Service] Found content: PPV Post (Creator ID: 7253e7c3-2413-49bd-971d-aa687a593725)
[Service] User is the owner. Granting access.
[Service] Full thumbnail URL from DB: 7253e7c3-2413-49bd-971d-aa687a593725/thumb-1765420292932-ppv.png.webp
[Service] Path from DB: 7253e7c3-2413-49bd-971d-aa687a593725/thumb-1765420292932-ppv.png.webp
[Service] Using relative path for Supabase: 7253e7c3-2413-49bd-971d-aa687a593725/thumb-1765420292932-ppv.png.webp
[Model] Successfully found content for id=49.
[Service] Found content: Test Post Title (Creator ID: 7253e7c3-2413-49bd-971d-aa687a593725)
[Service] User is the owner. Granting access.
[Service] Full thumbnail URL from DB: 7253e7c3-2413-49bd-971d-aa687a593725/thumb-1765423445603-test.png.webp
[Service] Path from DB: 7253e7c3-2413-49bd-971d-aa687a593725/thumb-1765423445603-test.png.webp
[Service] Using relative path for Supabase: 7253e7c3-2413-49bd-971d-aa687a593725/thumb-1765423445603-test.png.webp
[Model] Successfully found content for id=50.
[Service] Found content: PPV Post (Creator ID: 7253e7c3-2413-49bd-971d-aa687a593725)
[Service] User is the owner. Granting access.
[Service] Full thumbnail URL from DB: 7253e7c3-2413-49bd-971d-aa687a593725/thumb-1765423445885-ppv.png.webp
[Service] Path from DB: 7253e7c3-2413-49bd-971d-aa687a593725/thumb-1765423445885-ppv.png.webp
[Service] Using relative path for Supabase: 7253e7c3-2413-49bd-971d-aa687a593725/thumb-1765423445885-ppv.png.webp
[Model] Successfully found content for id=48.
[Service] Found content: Test Post Title (Creator ID: 7253e7c3-2413-49bd-971d-aa687a593725)
[Service] User is the owner. Granting access.
[Service] Full thumbnail URL from DB: 7253e7c3-2413-49bd-971d-aa687a593725/thumb-1765423277553-test.png.webp
[Service] Path from DB: 7253e7c3-2413-49bd-971d-aa687a593725/thumb-1765423277553-test.png.webp
[Service] Using relative path for Supabase: 7253e7c3-2413-49bd-971d-aa687a593725/thumb-1765423277553-test.png.webp
[Model] Successfully found content for id=48.
[Service] Found content: Test Post Title (Creator ID: 7253e7c3-2413-49bd-971d-aa687a593725)
[Service] User is the owner. Granting access.
[Service] Full thumbnail URL from DB: 7253e7c3-2413-49bd-971d-aa687a593725/thumb-1765423277553-test.png.webp
[Service] Path from DB: 7253e7c3-2413-49bd-971d-aa687a593725/thumb-1765423277553-test.png.webp
[Service] Using relative path for Supabase: 7253e7c3-2413-49bd-971d-aa687a593725/thumb-1765423277553-test.png.webp
[Model] Successfully found content for id=47.
[Service] Found content: Test Post Title (Creator ID: 7253e7c3-2413-49bd-971d-aa687a593725)
[Service] User is the owner. Granting access.
[Service] Full thumbnail URL from DB: 7253e7c3-2413-49bd-971d-aa687a593725/thumb-1765420800481-test.png.webp
[Service] Path from DB: 7253e7c3-2413-49bd-971d-aa687a593725/thumb-1765420800481-test.png.webp
[Service] Using relative path for Supabase: 7253e7c3-2413-49bd-971d-aa687a593725/thumb-1765420800481-test.png.webp
[Model] Successfully found content for id=47.
[Service] Found content: Test Post Title (Creator ID: 7253e7c3-2413-49bd-971d-aa687a593725)
[Service] User is the owner. Granting access.
[Service] Full thumbnail URL from DB: 7253e7c3-2413-49bd-971d-aa687a593725/thumb-1765420800481-test.png.webp
[Service] Path from DB: 7253e7c3-2413-49bd-971d-aa687a593725/thumb-1765420800481-test.png.webp
[Service] Using relative path for Supabase: 7253e7c3-2413-49bd-971d-aa687a593725/thumb-1765420800481-test.png.webp
[Service] Generated signed URL successfully for path "7253e7c3-2413-49bd-971d-aa687a593725/thumb-1765423445885-ppv.png.webp"
[Controller] Successfully generated secure URL for contentId="50"
[Service] Generated signed URL successfully for path "7253e7c3-2413-49bd-971d-aa687a593725/thumb-1765423445885-ppv.png.webp"
[Controller] Successfully generated secure URL for contentId="50"
[Service] Generated signed URL successfully for path "7253e7c3-2413-49bd-971d-aa687a593725/thumb-1765420800481-test.png.webp"
[Controller] Successfully generated secure URL for contentId="47"
[Service] Generated signed URL successfully for path "7253e7c3-2413-49bd-971d-aa687a593725/thumb-1765423445603-test.png.webp"
[Controller] Successfully generated secure URL for contentId="49"
[Controller] getSecureContentUrl: Request for contentId="45" by userId="7253e7c3-2413-49bd-971d-aa687a593725"
[Service] getSecureUrlForThumbnail: Verifying access for userId="7253e7c3-2413-49bd-971d-aa687a593725" to contentId="45"
[Model] findContentById: Querying database for content with id=45
[Service] Generated signed URL successfully for path "7253e7c3-2413-49bd-971d-aa687a593725/thumb-1765423445603-test.png.webp"
[Controller] Successfully generated secure URL for contentId="49"
[Service] Generated signed URL successfully for path "7253e7c3-2413-49bd-971d-aa687a593725/thumb-1765420292932-ppv.png.webp"
[Controller] Successfully generated secure URL for contentId="46"
[Service] Generated signed URL successfully for path "7253e7c3-2413-49bd-971d-aa687a593725/thumb-1765420292423-test.png.webp"
[Controller] Successfully generated secure URL for contentId="45"
[Service] Generated signed URL successfully for path "7253e7c3-2413-49bd-971d-aa687a593725/thumb-1765423277553-test.png.webp"
[Controller] Successfully generated secure URL for contentId="48"
[Controller] getSecureContentUrl: Request for contentId="44" by userId="7253e7c3-2413-49bd-971d-aa687a593725"
[Service] getSecureUrlForThumbnail: Verifying access for userId="7253e7c3-2413-49bd-971d-aa687a593725" to contentId="44"
[Model] findContentById: Querying database for content with id=44
[Model] Successfully found content for id=45.
[Service] Found content: Test Post Title (Creator ID: 7253e7c3-2413-49bd-971d-aa687a593725)
[Service] User is the owner. Granting access.
[Service] Full thumbnail URL from DB: 7253e7c3-2413-49bd-971d-aa687a593725/thumb-1765420292423-test.png.webp
[Service] Path from DB: 7253e7c3-2413-49bd-971d-aa687a593725/thumb-1765420292423-test.png.webp
[Service] Using relative path for Supabase: 7253e7c3-2413-49bd-971d-aa687a593725/thumb-1765420292423-test.png.webp
[Controller] getSecureContentUrl: Request for contentId="46" by userId="7253e7c3-2413-49bd-971d-aa687a593725"
[Service] getSecureUrlForThumbnail: Verifying access for userId="7253e7c3-2413-49bd-971d-aa687a593725" to contentId="46"
[Model] findContentById: Querying database for content with id=46
[Service] Generated signed URL successfully for path "7253e7c3-2413-49bd-971d-aa687a593725/thumb-1765423277553-test.png.webp"
[Controller] Successfully generated secure URL for contentId="48"
[Controller] getSecureContentUrl: Request for contentId="44" by userId="7253e7c3-2413-49bd-971d-aa687a593725"
[Service] getSecureUrlForThumbnail: Verifying access for userId="7253e7c3-2413-49bd-971d-aa687a593725" to contentId="44"
[Model] findContentById: Querying database for content with id=44
[Service] Generated signed URL successfully for path "7253e7c3-2413-49bd-971d-aa687a593725/thumb-1765420800481-test.png.webp"
[Controller] Successfully generated secure URL for contentId="47"
[Controller] getSecureContentUrl: Request for contentId="42" by userId="7253e7c3-2413-49bd-971d-aa687a593725"
[Service] getSecureUrlForThumbnail: Verifying access for userId="7253e7c3-2413-49bd-971d-aa687a593725" to contentId="42"
[Model] findContentById: Querying database for content with id=42
[Controller] getSecureContentUrl: Request for contentId="43" by userId="7253e7c3-2413-49bd-971d-aa687a593725"
[Service] getSecureUrlForThumbnail: Verifying access for userId="7253e7c3-2413-49bd-971d-aa687a593725" to contentId="43"
[Model] findContentById: Querying database for content with id=43
[Model] Successfully found content for id=44.
[Service] Found content: Test Post Title (Creator ID: 7253e7c3-2413-49bd-971d-aa687a593725)
[Service] User is the owner. Granting access.
[Service] Full thumbnail URL from DB: 7253e7c3-2413-49bd-971d-aa687a593725/thumb-1765420154355-test.png.webp
[Service] Path from DB: 7253e7c3-2413-49bd-971d-aa687a593725/thumb-1765420154355-test.png.webp
[Service] Using relative path for Supabase: 7253e7c3-2413-49bd-971d-aa687a593725/thumb-1765420154355-test.png.webp
[Model] Successfully found content for id=46.
[Service] Found content: PPV Post (Creator ID: 7253e7c3-2413-49bd-971d-aa687a593725)
[Service] User is the owner. Granting access.
[Service] Full thumbnail URL from DB: 7253e7c3-2413-49bd-971d-aa687a593725/thumb-1765420292932-ppv.png.webp
[Service] Path from DB: 7253e7c3-2413-49bd-971d-aa687a593725/thumb-1765420292932-ppv.png.webp
[Service] Using relative path for Supabase: 7253e7c3-2413-49bd-971d-aa687a593725/thumb-1765420292932-ppv.png.webp
[Model] Successfully found content for id=44.
[Service] Found content: Test Post Title (Creator ID: 7253e7c3-2413-49bd-971d-aa687a593725)
[Service] User is the owner. Granting access.
[Service] Full thumbnail URL from DB: 7253e7c3-2413-49bd-971d-aa687a593725/thumb-1765420154355-test.png.webp
[Service] Path from DB: 7253e7c3-2413-49bd-971d-aa687a593725/thumb-1765420154355-test.png.webp
[Service] Using relative path for Supabase: 7253e7c3-2413-49bd-971d-aa687a593725/thumb-1765420154355-test.png.webp
[Service] Generated signed URL successfully for path "7253e7c3-2413-49bd-971d-aa687a593725/thumb-1765420292423-test.png.webp"
[Controller] Successfully generated secure URL for contentId="45"
[Controller] getSecureContentUrl: Request for contentId="43" by userId="7253e7c3-2413-49bd-971d-aa687a593725"
[Service] getSecureUrlForThumbnail: Verifying access for userId="7253e7c3-2413-49bd-971d-aa687a593725" to contentId="43"
[Model] findContentById: Querying database for content with id=43
[Controller] getSecureContentUrl: Request for contentId="42" by userId="7253e7c3-2413-49bd-971d-aa687a593725"
[Service] getSecureUrlForThumbnail: Verifying access for userId="7253e7c3-2413-49bd-971d-aa687a593725" to contentId="42"
[Model] findContentById: Querying database for content with id=42
[Controller] getSecureContentUrl: Request for contentId="41" by userId="7253e7c3-2413-49bd-971d-aa687a593725"
[Service] getSecureUrlForThumbnail: Verifying access for userId="7253e7c3-2413-49bd-971d-aa687a593725" to contentId="41"
[Model] findContentById: Querying database for content with id=41
[Model] Successfully found content for id=42.
[Service] Found content: Test Post Title (Creator ID: 7253e7c3-2413-49bd-971d-aa687a593725)
[Service] User is the owner. Granting access.
[Service] Full thumbnail URL from DB: 7253e7c3-2413-49bd-971d-aa687a593725/thumb-1765419296397-test.png.webp
[Service] Path from DB: 7253e7c3-2413-49bd-971d-aa687a593725/thumb-1765419296397-test.png.webp
[Service] Using relative path for Supabase: 7253e7c3-2413-49bd-971d-aa687a593725/thumb-1765419296397-test.png.webp
[Model] Successfully found content for id=43.
[Service] Found content: PPV Post (Creator ID: 7253e7c3-2413-49bd-971d-aa687a593725)
[Service] User is the owner. Granting access.
[Service] Full thumbnail URL from DB: 7253e7c3-2413-49bd-971d-aa687a593725/thumb-1765420154367-ppv.png.webp
[Service] Path from DB: 7253e7c3-2413-49bd-971d-aa687a593725/thumb-1765420154367-ppv.png.webp
[Service] Using relative path for Supabase: 7253e7c3-2413-49bd-971d-aa687a593725/thumb-1765420154367-ppv.png.webp
[Controller] getSecureContentUrl: Request for contentId="41" by userId="7253e7c3-2413-49bd-971d-aa687a593725"
[Service] getSecureUrlForThumbnail: Verifying access for userId="7253e7c3-2413-49bd-971d-aa687a593725" to contentId="41"
[Model] findContentById: Querying database for content with id=41
[Controller] getSecureContentUrl: Request for contentId="39" by userId="7253e7c3-2413-49bd-971d-aa687a593725"
[Service] getSecureUrlForThumbnail: Verifying access for userId="7253e7c3-2413-49bd-971d-aa687a593725" to contentId="39"
[Model] findContentById: Querying database for content with id=39
[Controller] getSecureContentUrl: Request for contentId="40" by userId="7253e7c3-2413-49bd-971d-aa687a593725"
[Service] getSecureUrlForThumbnail: Verifying access for userId="7253e7c3-2413-49bd-971d-aa687a593725" to contentId="40"
[Model] findContentById: Querying database for content with id=40
[Service] Generated signed URL successfully for path "7253e7c3-2413-49bd-971d-aa687a593725/thumb-1765420292932-ppv.png.webp"
[Controller] Successfully generated secure URL for contentId="46"
[Model] Successfully found content for id=43.
[Service] Found content: PPV Post (Creator ID: 7253e7c3-2413-49bd-971d-aa687a593725)
[Service] User is the owner. Granting access.
[Service] Full thumbnail URL from DB: 7253e7c3-2413-49bd-971d-aa687a593725/thumb-1765420154367-ppv.png.webp
[Service] Path from DB: 7253e7c3-2413-49bd-971d-aa687a593725/thumb-1765420154367-ppv.png.webp
[Service] Using relative path for Supabase: 7253e7c3-2413-49bd-971d-aa687a593725/thumb-1765420154367-ppv.png.webp
[Model] Successfully found content for id=42.
[Service] Found content: Test Post Title (Creator ID: 7253e7c3-2413-49bd-971d-aa687a593725)
[Service] User is the owner. Granting access.
[Service] Full thumbnail URL from DB: 7253e7c3-2413-49bd-971d-aa687a593725/thumb-1765419296397-test.png.webp
[Service] Path from DB: 7253e7c3-2413-49bd-971d-aa687a593725/thumb-1765419296397-test.png.webp
[Service] Using relative path for Supabase: 7253e7c3-2413-49bd-971d-aa687a593725/thumb-1765419296397-test.png.webp
[Service] Generated signed URL successfully for path "7253e7c3-2413-49bd-971d-aa687a593725/thumb-1765420154355-test.png.webp"
[Controller] Successfully generated secure URL for contentId="44"
[Model] Successfully found content for id=41.
[Service] Found content: PPV Post (Creator ID: 7253e7c3-2413-49bd-971d-aa687a593725)
[Service] User is the owner. Granting access.
[Service] Full thumbnail URL from DB: 7253e7c3-2413-49bd-971d-aa687a593725/thumb-1765419296412-ppv.png.webp
[Service] Path from DB: 7253e7c3-2413-49bd-971d-aa687a593725/thumb-1765419296412-ppv.png.webp
[Service] Using relative path for Supabase: 7253e7c3-2413-49bd-971d-aa687a593725/thumb-1765419296412-ppv.png.webp
[Service] Generated signed URL successfully for path "7253e7c3-2413-49bd-971d-aa687a593725/thumb-1765419296397-test.png.webp"
[Controller] Successfully generated secure URL for contentId="42"
[Model] Successfully found content for id=41.
[Service] Found content: PPV Post (Creator ID: 7253e7c3-2413-49bd-971d-aa687a593725)
[Service] User is the owner. Granting access.
[Service] Full thumbnail URL from DB: 7253e7c3-2413-49bd-971d-aa687a593725/thumb-1765419296412-ppv.png.webp
[Service] Path from DB: 7253e7c3-2413-49bd-971d-aa687a593725/thumb-1765419296412-ppv.png.webp
[Service] Using relative path for Supabase: 7253e7c3-2413-49bd-971d-aa687a593725/thumb-1765419296412-ppv.png.webp
[Service] Generated signed URL successfully for path "7253e7c3-2413-49bd-971d-aa687a593725/thumb-1765420154367-ppv.png.webp"
[Controller] Successfully generated secure URL for contentId="43"
[Model] Successfully found content for id=39.
[Service] Found content: Test Post Title (Creator ID: 7253e7c3-2413-49bd-971d-aa687a593725)
[Service] User is the owner. Granting access.
[Service] Full thumbnail URL from DB: 7253e7c3-2413-49bd-971d-aa687a593725/thumb-1765419179772-test.png.webp
[Service] Path from DB: 7253e7c3-2413-49bd-971d-aa687a593725/thumb-1765419179772-test.png.webp
[Service] Using relative path for Supabase: 7253e7c3-2413-49bd-971d-aa687a593725/thumb-1765419179772-test.png.webp
[Model] Successfully found content for id=40.
[Service] Found content: PPV Post (Creator ID: 7253e7c3-2413-49bd-971d-aa687a593725)
[Service] User is the owner. Granting access.
[Service] Full thumbnail URL from DB: 7253e7c3-2413-49bd-971d-aa687a593725/thumb-1765419179870-ppv.png.webp
[Service] Path from DB: 7253e7c3-2413-49bd-971d-aa687a593725/thumb-1765419179870-ppv.png.webp
[Service] Using relative path for Supabase: 7253e7c3-2413-49bd-971d-aa687a593725/thumb-1765419179870-ppv.png.webp
[Controller] getSecureContentUrl: Request for contentId="40" by userId="7253e7c3-2413-49bd-971d-aa687a593725"
[Service] getSecureUrlForThumbnail: Verifying access for userId="7253e7c3-2413-49bd-971d-aa687a593725" to contentId="40"
[Model] findContentById: Querying database for content with id=40
[Service] Generated signed URL successfully for path "7253e7c3-2413-49bd-971d-aa687a593725/thumb-1765420154367-ppv.png.webp"
[Controller] Successfully generated secure URL for contentId="43"
[Service] Generated signed URL successfully for path "7253e7c3-2413-49bd-971d-aa687a593725/thumb-1765419296397-test.png.webp"
[Controller] Successfully generated secure URL for contentId="42"
[Service] Generated signed URL successfully for path "7253e7c3-2413-49bd-971d-aa687a593725/thumb-1765419296412-ppv.png.webp"
[Controller] Successfully generated secure URL for contentId="41"
[Service] Generated signed URL successfully for path "7253e7c3-2413-49bd-971d-aa687a593725/thumb-1765419296412-ppv.png.webp"
[Controller] Successfully generated secure URL for contentId="41"
[Model] Successfully found content for id=40.
[Service] Found content: PPV Post (Creator ID: 7253e7c3-2413-49bd-971d-aa687a593725)
[Service] User is the owner. Granting access.
[Service] Full thumbnail URL from DB: 7253e7c3-2413-49bd-971d-aa687a593725/thumb-1765419179870-ppv.png.webp
[Service] Path from DB: 7253e7c3-2413-49bd-971d-aa687a593725/thumb-1765419179870-ppv.png.webp
[Service] Using relative path for Supabase: 7253e7c3-2413-49bd-971d-aa687a593725/thumb-1765419179870-ppv.png.webp
[Controller] getSecureContentUrl: Request for contentId="39" by userId="7253e7c3-2413-49bd-971d-aa687a593725"
[Service] getSecureUrlForThumbnail: Verifying access for userId="7253e7c3-2413-49bd-971d-aa687a593725" to contentId="39"
[Model] findContentById: Querying database for content with id=39
[Service] Generated signed URL successfully for path "7253e7c3-2413-49bd-971d-aa687a593725/thumb-1765419179870-ppv.png.webp"
[Controller] Successfully generated secure URL for contentId="40"
[Service] Generated signed URL successfully for path "7253e7c3-2413-49bd-971d-aa687a593725/thumb-1765419179772-test.png.webp"
[Controller] Successfully generated secure URL for contentId="39"
[Controller] getSecureContentUrl: Request for contentId="50" by userId="7253e7c3-2413-49bd-971d-aa687a593725"
[Service] getSecureUrlForThumbnail: Verifying access for userId="7253e7c3-2413-49bd-971d-aa687a593725" to contentId="50"
[Model] findContentById: Querying database for content with id=50
[Controller] getSecureContentUrl: Request for contentId="47" by userId="7253e7c3-2413-49bd-971d-aa687a593725"
[Service] getSecureUrlForThumbnail: Verifying access for userId="7253e7c3-2413-49bd-971d-aa687a593725" to contentId="47"
[Model] findContentById: Querying database for content with id=47
[Controller] getSecureContentUrl: Request for contentId="49" by userId="7253e7c3-2413-49bd-971d-aa687a593725"
[Service] getSecureUrlForThumbnail: Verifying access for userId="7253e7c3-2413-49bd-971d-aa687a593725" to contentId="49"
[Model] findContentById: Querying database for content with id=49
[Model] Successfully found content for id=39.
[Service] Found content: Test Post Title (Creator ID: 7253e7c3-2413-49bd-971d-aa687a593725)
[Service] User is the owner. Granting access.
[Service] Full thumbnail URL from DB: 7253e7c3-2413-49bd-971d-aa687a593725/thumb-1765419179772-test.png.webp
[Service] Path from DB: 7253e7c3-2413-49bd-971d-aa687a593725/thumb-1765419179772-test.png.webp
[Service] Using relative path for Supabase: 7253e7c3-2413-49bd-971d-aa687a593725/thumb-1765419179772-test.png.webp
[Controller] getSecureContentUrl: Request for contentId="49" by userId="7253e7c3-2413-49bd-971d-aa687a593725"
[Service] getSecureUrlForThumbnail: Verifying access for userId="7253e7c3-2413-49bd-971d-aa687a593725" to contentId="49"
[Model] findContentById: Querying database for content with id=49
[Service] Generated signed URL successfully for path "7253e7c3-2413-49bd-971d-aa687a593725/thumb-1765420154355-test.png.webp"
[Controller] Successfully generated secure URL for contentId="44"
[Service] Generated signed URL successfully for path "7253e7c3-2413-49bd-971d-aa687a593725/thumb-1765419179870-ppv.png.webp"
[Controller] Successfully generated secure URL for contentId="40"
[Model] Successfully found content for id=50.
[Service] Found content: PPV Post (Creator ID: 7253e7c3-2413-49bd-971d-aa687a593725)
[Service] User is the owner. Granting access.
[Service] Full thumbnail URL from DB: 7253e7c3-2413-49bd-971d-aa687a593725/thumb-1765423445885-ppv.png.webp
[Service] Path from DB: 7253e7c3-2413-49bd-971d-aa687a593725/thumb-1765423445885-ppv.png.webp
[Service] Using relative path for Supabase: 7253e7c3-2413-49bd-971d-aa687a593725/thumb-1765423445885-ppv.png.webp
[Controller] getSecureContentUrl: Request for contentId="50" by userId="7253e7c3-2413-49bd-971d-aa687a593725"
[Service] getSecureUrlForThumbnail: Verifying access for userId="7253e7c3-2413-49bd-971d-aa687a593725" to contentId="50"
[Model] findContentById: Querying database for content with id=50
[Model] Successfully found content for id=47.
[Service] Found content: Test Post Title (Creator ID: 7253e7c3-2413-49bd-971d-aa687a593725)
[Service] User is the owner. Granting access.
[Service] Full thumbnail URL from DB: 7253e7c3-2413-49bd-971d-aa687a593725/thumb-1765420800481-test.png.webp
[Service] Path from DB: 7253e7c3-2413-49bd-971d-aa687a593725/thumb-1765420800481-test.png.webp
[Service] Using relative path for Supabase: 7253e7c3-2413-49bd-971d-aa687a593725/thumb-1765420800481-test.png.webp
[Controller] getSecureContentUrl: Request for contentId="46" by userId="7253e7c3-2413-49bd-971d-aa687a593725"
[Service] getSecureUrlForThumbnail: Verifying access for userId="7253e7c3-2413-49bd-971d-aa687a593725" to contentId="46"
[Model] findContentById: Querying database for content with id=46
[Controller] getSecureContentUrl: Request for contentId="45" by userId="7253e7c3-2413-49bd-971d-aa687a593725"
[Service] getSecureUrlForThumbnail: Verifying access for userId="7253e7c3-2413-49bd-971d-aa687a593725" to contentId="45"
[Model] findContentById: Querying database for content with id=45
[Model] Successfully found content for id=49.
[Service] Found content: Test Post Title (Creator ID: 7253e7c3-2413-49bd-971d-aa687a593725)
[Service] User is the owner. Granting access.
[Service] Full thumbnail URL from DB: 7253e7c3-2413-49bd-971d-aa687a593725/thumb-1765423445603-test.png.webp
[Service] Path from DB: 7253e7c3-2413-49bd-971d-aa687a593725/thumb-1765423445603-test.png.webp
[Service] Using relative path for Supabase: 7253e7c3-2413-49bd-971d-aa687a593725/thumb-1765423445603-test.png.webp
[Controller] getSecureContentUrl: Request for contentId="48" by userId="7253e7c3-2413-49bd-971d-aa687a593725"
[Service] getSecureUrlForThumbnail: Verifying access for userId="7253e7c3-2413-49bd-971d-aa687a593725" to contentId="48"
[Model] findContentById: Querying database for content with id=48
[Controller] getSecureContentUrl: Request for contentId="48" by userId="7253e7c3-2413-49bd-971d-aa687a593725"
[Service] getSecureUrlForThumbnail: Verifying access for userId="7253e7c3-2413-49bd-971d-aa687a593725" to contentId="48"
[Model] findContentById: Querying database for content with id=48
[Service] Generated signed URL successfully for path "7253e7c3-2413-49bd-971d-aa687a593725/thumb-1765419179772-test.png.webp"
[Controller] Successfully generated secure URL for contentId="39"
[Model] Successfully found content for id=50.
[Service] Found content: PPV Post (Creator ID: 7253e7c3-2413-49bd-971d-aa687a593725)
[Service] User is the owner. Granting access.
[Service] Full thumbnail URL from DB: 7253e7c3-2413-49bd-971d-aa687a593725/thumb-1765423445885-ppv.png.webp
[Service] Path from DB: 7253e7c3-2413-49bd-971d-aa687a593725/thumb-1765423445885-ppv.png.webp
[Service] Using relative path for Supabase: 7253e7c3-2413-49bd-971d-aa687a593725/thumb-1765423445885-ppv.png.webp
[Model] Successfully found content for id=49.
[Service] Found content: Test Post Title (Creator ID: 7253e7c3-2413-49bd-971d-aa687a593725)
[Service] User is the owner. Granting access.
[Service] Full thumbnail URL from DB: 7253e7c3-2413-49bd-971d-aa687a593725/thumb-1765423445603-test.png.webp
[Service] Path from DB: 7253e7c3-2413-49bd-971d-aa687a593725/thumb-1765423445603-test.png.webp
[Service] Using relative path for Supabase: 7253e7c3-2413-49bd-971d-aa687a593725/thumb-1765423445603-test.png.webp
[Service] Generated signed URL successfully for path "7253e7c3-2413-49bd-971d-aa687a593725/thumb-1765423445885-ppv.png.webp"
[Controller] Successfully generated secure URL for contentId="50"
[Model] Successfully found content for id=45.
[Service] Found content: Test Post Title (Creator ID: 7253e7c3-2413-49bd-971d-aa687a593725)
[Service] User is the owner. Granting access.
[Service] Full thumbnail URL from DB: 7253e7c3-2413-49bd-971d-aa687a593725/thumb-1765420292423-test.png.webp
[Service] Path from DB: 7253e7c3-2413-49bd-971d-aa687a593725/thumb-1765420292423-test.png.webp
[Service] Using relative path for Supabase: 7253e7c3-2413-49bd-971d-aa687a593725/thumb-1765420292423-test.png.webp
[Model] Successfully found content for id=46.
[Service] Found content: PPV Post (Creator ID: 7253e7c3-2413-49bd-971d-aa687a593725)
[Service] User is the owner. Granting access.
[Service] Full thumbnail URL from DB: 7253e7c3-2413-49bd-971d-aa687a593725/thumb-1765420292932-ppv.png.webp
[Service] Path from DB: 7253e7c3-2413-49bd-971d-aa687a593725/thumb-1765420292932-ppv.png.webp
[Service] Using relative path for Supabase: 7253e7c3-2413-49bd-971d-aa687a593725/thumb-1765420292932-ppv.png.webp
[Service] Generated signed URL successfully for path "7253e7c3-2413-49bd-971d-aa687a593725/thumb-1765420800481-test.png.webp"
[Controller] Successfully generated secure URL for contentId="47"
[Service] Generated signed URL successfully for path "7253e7c3-2413-49bd-971d-aa687a593725/thumb-1765423445603-test.png.webp"
[Controller] Successfully generated secure URL for contentId="49"
[Model] Successfully found content for id=48.
[Service] Found content: Test Post Title (Creator ID: 7253e7c3-2413-49bd-971d-aa687a593725)
[Service] User is the owner. Granting access.
[Service] Full thumbnail URL from DB: 7253e7c3-2413-49bd-971d-aa687a593725/thumb-1765423277553-test.png.webp
[Service] Path from DB: 7253e7c3-2413-49bd-971d-aa687a593725/thumb-1765423277553-test.png.webp
[Service] Using relative path for Supabase: 7253e7c3-2413-49bd-971d-aa687a593725/thumb-1765423277553-test.png.webp
[Model] Successfully found content for id=48.
[Service] Found content: Test Post Title (Creator ID: 7253e7c3-2413-49bd-971d-aa687a593725)
[Service] User is the owner. Granting access.
[Service] Full thumbnail URL from DB: 7253e7c3-2413-49bd-971d-aa687a593725/thumb-1765423277553-test.png.webp
[Service] Path from DB: 7253e7c3-2413-49bd-971d-aa687a593725/thumb-1765423277553-test.png.webp
[Service] Using relative path for Supabase: 7253e7c3-2413-49bd-971d-aa687a593725/thumb-1765423277553-test.png.webp
[Controller] getSecureContentUrl: Request for contentId="47" by userId="7253e7c3-2413-49bd-971d-aa687a593725"
[Service] getSecureUrlForThumbnail: Verifying access for userId="7253e7c3-2413-49bd-971d-aa687a593725" to contentId="47"
[Model] findContentById: Querying database for content with id=47
[Controller] getSecureContentUrl: Request for contentId="45" by userId="7253e7c3-2413-49bd-971d-aa687a593725"
[Service] getSecureUrlForThumbnail: Verifying access for userId="7253e7c3-2413-49bd-971d-aa687a593725" to contentId="45"
[Model] findContentById: Querying database for content with id=45
[Service] Generated signed URL successfully for path "7253e7c3-2413-49bd-971d-aa687a593725/thumb-1765423445885-ppv.png.webp"
[Controller] Successfully generated secure URL for contentId="50"
[Service] Generated signed URL successfully for path "7253e7c3-2413-49bd-971d-aa687a593725/thumb-1765423445603-test.png.webp"
[Controller] Successfully generated secure URL for contentId="49"
[Service] Generated signed URL successfully for path "7253e7c3-2413-49bd-971d-aa687a593725/thumb-1765420292932-ppv.png.webp"
[Controller] Successfully generated secure URL for contentId="46"
[Service] Generated signed URL successfully for path "7253e7c3-2413-49bd-971d-aa687a593725/thumb-1765420292423-test.png.webp"
[Controller] Successfully generated secure URL for contentId="45"
[Service] Generated signed URL successfully for path "7253e7c3-2413-49bd-971d-aa687a593725/thumb-1765423277553-test.png.webp"
[Controller] Successfully generated secure URL for contentId="48"
[Model] Successfully found content for id=47.
[Service] Found content: Test Post Title (Creator ID: 7253e7c3-2413-49bd-971d-aa687a593725)
[Service] User is the owner. Granting access.
[Service] Full thumbnail URL from DB: 7253e7c3-2413-49bd-971d-aa687a593725/thumb-1765420800481-test.png.webp
[Service] Path from DB: 7253e7c3-2413-49bd-971d-aa687a593725/thumb-1765420800481-test.png.webp
[Service] Using relative path for Supabase: 7253e7c3-2413-49bd-971d-aa687a593725/thumb-1765420800481-test.png.webp
[Model] Successfully found content for id=45.
[Service] Found content: Test Post Title (Creator ID: 7253e7c3-2413-49bd-971d-aa687a593725)
[Service] User is the owner. Granting access.
[Service] Full thumbnail URL from DB: 7253e7c3-2413-49bd-971d-aa687a593725/thumb-1765420292423-test.png.webp
[Service] Path from DB: 7253e7c3-2413-49bd-971d-aa687a593725/thumb-1765420292423-test.png.webp
[Service] Using relative path for Supabase: 7253e7c3-2413-49bd-971d-aa687a593725/thumb-1765420292423-test.png.webp
[Service] Generated signed URL successfully for path "7253e7c3-2413-49bd-971d-aa687a593725/thumb-1765423277553-test.png.webp"
[Controller] Successfully generated secure URL for contentId="48"
[Controller] getSecureContentUrl: Request for contentId="46" by userId="7253e7c3-2413-49bd-971d-aa687a593725"
[Service] getSecureUrlForThumbnail: Verifying access for userId="7253e7c3-2413-49bd-971d-aa687a593725" to contentId="46"
[Model] findContentById: Querying database for content with id=46
[Controller] getSecureContentUrl: Request for contentId="43" by userId="7253e7c3-2413-49bd-971d-aa687a593725"
[Service] getSecureUrlForThumbnail: Verifying access for userId="7253e7c3-2413-49bd-971d-aa687a593725" to contentId="43"
[Model] findContentById: Querying database for content with id=43
[Controller] getSecureContentUrl: Request for contentId="44" by userId="7253e7c3-2413-49bd-971d-aa687a593725"
[Service] getSecureUrlForThumbnail: Verifying access for userId="7253e7c3-2413-49bd-971d-aa687a593725" to contentId="44"
[Model] findContentById: Querying database for content with id=44
[Controller] getSecureContentUrl: Request for contentId="42" by userId="7253e7c3-2413-49bd-971d-aa687a593725"
[Service] getSecureUrlForThumbnail: Verifying access for userId="7253e7c3-2413-49bd-971d-aa687a593725" to contentId="42"
[Model] findContentById: Querying database for content with id=42
[Service] Generated signed URL successfully for path "7253e7c3-2413-49bd-971d-aa687a593725/thumb-1765420800481-test.png.webp"
[Controller] Successfully generated secure URL for contentId="47"
[Service] Generated signed URL successfully for path "7253e7c3-2413-49bd-971d-aa687a593725/thumb-1765420292423-test.png.webp"
[Controller] Successfully generated secure URL for contentId="45"
[Model] Successfully found content for id=46.
[Service] Found content: PPV Post (Creator ID: 7253e7c3-2413-49bd-971d-aa687a593725)
[Service] User is the owner. Granting access.
[Service] Full thumbnail URL from DB: 7253e7c3-2413-49bd-971d-aa687a593725/thumb-1765420292932-ppv.png.webp
[Service] Path from DB: 7253e7c3-2413-49bd-971d-aa687a593725/thumb-1765420292932-ppv.png.webp
[Service] Using relative path for Supabase: 7253e7c3-2413-49bd-971d-aa687a593725/thumb-1765420292932-ppv.png.webp
[Controller] getSecureContentUrl: Request for contentId="43" by userId="7253e7c3-2413-49bd-971d-aa687a593725"
[Service] getSecureUrlForThumbnail: Verifying access for userId="7253e7c3-2413-49bd-971d-aa687a593725" to contentId="43"
[Model] findContentById: Querying database for content with id=43
[Controller] getSecureContentUrl: Request for contentId="42" by userId="7253e7c3-2413-49bd-971d-aa687a593725"
[Service] getSecureUrlForThumbnail: Verifying access for userId="7253e7c3-2413-49bd-971d-aa687a593725" to contentId="42"
[Model] findContentById: Querying database for content with id=42
[Model] Successfully found content for id=43.
[Service] Found content: PPV Post (Creator ID: 7253e7c3-2413-49bd-971d-aa687a593725)
[Service] User is the owner. Granting access.
[Service] Full thumbnail URL from DB: 7253e7c3-2413-49bd-971d-aa687a593725/thumb-1765420154367-ppv.png.webp
[Service] Path from DB: 7253e7c3-2413-49bd-971d-aa687a593725/thumb-1765420154367-ppv.png.webp
[Service] Using relative path for Supabase: 7253e7c3-2413-49bd-971d-aa687a593725/thumb-1765420154367-ppv.png.webp
[Model] Successfully found content for id=44.
[Service] Found content: Test Post Title (Creator ID: 7253e7c3-2413-49bd-971d-aa687a593725)
[Service] User is the owner. Granting access.
[Service] Full thumbnail URL from DB: 7253e7c3-2413-49bd-971d-aa687a593725/thumb-1765420154355-test.png.webp
[Service] Path from DB: 7253e7c3-2413-49bd-971d-aa687a593725/thumb-1765420154355-test.png.webp
[Service] Using relative path for Supabase: 7253e7c3-2413-49bd-971d-aa687a593725/thumb-1765420154355-test.png.webp
[Model] Successfully found content for id=42.
[Service] Found content: Test Post Title (Creator ID: 7253e7c3-2413-49bd-971d-aa687a593725)
[Service] User is the owner. Granting access.
[Service] Full thumbnail URL from DB: 7253e7c3-2413-49bd-971d-aa687a593725/thumb-1765419296397-test.png.webp
[Service] Path from DB: 7253e7c3-2413-49bd-971d-aa687a593725/thumb-1765419296397-test.png.webp
[Service] Using relative path for Supabase: 7253e7c3-2413-49bd-971d-aa687a593725/thumb-1765419296397-test.png.webp
[Controller] getSecureContentUrl: Request for contentId="41" by userId="7253e7c3-2413-49bd-971d-aa687a593725"
[Service] getSecureUrlForThumbnail: Verifying access for userId="7253e7c3-2413-49bd-971d-aa687a593725" to contentId="41"
[Model] findContentById: Querying database for content with id=41
[Controller] getSecureContentUrl: Request for contentId="41" by userId="7253e7c3-2413-49bd-971d-aa687a593725"
[Service] getSecureUrlForThumbnail: Verifying access for userId="7253e7c3-2413-49bd-971d-aa687a593725" to contentId="41"
[Model] findContentById: Querying database for content with id=41
[Controller] getSecureContentUrl: Request for contentId="40" by userId="7253e7c3-2413-49bd-971d-aa687a593725"
[Service] getSecureUrlForThumbnail: Verifying access for userId="7253e7c3-2413-49bd-971d-aa687a593725" to contentId="40"
[Model] findContentById: Querying database for content with id=40
[Controller] getSecureContentUrl: Request for contentId="39" by userId="7253e7c3-2413-49bd-971d-aa687a593725"
[Service] getSecureUrlForThumbnail: Verifying access for userId="7253e7c3-2413-49bd-971d-aa687a593725" to contentId="39"
[Model] findContentById: Querying database for content with id=39
[Service] Generated signed URL successfully for path "7253e7c3-2413-49bd-971d-aa687a593725/thumb-1765420292932-ppv.png.webp"
[Controller] Successfully generated secure URL for contentId="46"
[Model] Successfully found content for id=43.
[Service] Found content: PPV Post (Creator ID: 7253e7c3-2413-49bd-971d-aa687a593725)
[Service] User is the owner. Granting access.
[Service] Full thumbnail URL from DB: 7253e7c3-2413-49bd-971d-aa687a593725/thumb-1765420154367-ppv.png.webp
[Service] Path from DB: 7253e7c3-2413-49bd-971d-aa687a593725/thumb-1765420154367-ppv.png.webp
[Service] Using relative path for Supabase: 7253e7c3-2413-49bd-971d-aa687a593725/thumb-1765420154367-ppv.png.webp
[Model] Successfully found content for id=42.
[Service] Found content: Test Post Title (Creator ID: 7253e7c3-2413-49bd-971d-aa687a593725)
[Service] User is the owner. Granting access.
[Service] Full thumbnail URL from DB: 7253e7c3-2413-49bd-971d-aa687a593725/thumb-1765419296397-test.png.webp
[Service] Path from DB: 7253e7c3-2413-49bd-971d-aa687a593725/thumb-1765419296397-test.png.webp
[Service] Using relative path for Supabase: 7253e7c3-2413-49bd-971d-aa687a593725/thumb-1765419296397-test.png.webp
[Model] Successfully found content for id=41.
[Service] Found content: PPV Post (Creator ID: 7253e7c3-2413-49bd-971d-aa687a593725)
[Service] User is the owner. Granting access.
[Service] Full thumbnail URL from DB: 7253e7c3-2413-49bd-971d-aa687a593725/thumb-1765419296412-ppv.png.webp
[Service] Path from DB: 7253e7c3-2413-49bd-971d-aa687a593725/thumb-1765419296412-ppv.png.webp
[Service] Using relative path for Supabase: 7253e7c3-2413-49bd-971d-aa687a593725/thumb-1765419296412-ppv.png.webp
[Service] Generated signed URL successfully for path "7253e7c3-2413-49bd-971d-aa687a593725/thumb-1765420154355-test.png.webp"
[Controller] Successfully generated secure URL for contentId="44"
[Service] Generated signed URL successfully for path "7253e7c3-2413-49bd-971d-aa687a593725/thumb-1765419296397-test.png.webp"
[Controller] Successfully generated secure URL for contentId="42"
[Service] Generated signed URL successfully for path "7253e7c3-2413-49bd-971d-aa687a593725/thumb-1765420154367-ppv.png.webp"
[Controller] Successfully generated secure URL for contentId="43"
[Model] Successfully found content for id=40.
[Service] Found content: PPV Post (Creator ID: 7253e7c3-2413-49bd-971d-aa687a593725)
[Service] User is the owner. Granting access.
[Service] Full thumbnail URL from DB: 7253e7c3-2413-49bd-971d-aa687a593725/thumb-1765419179870-ppv.png.webp
[Service] Path from DB: 7253e7c3-2413-49bd-971d-aa687a593725/thumb-1765419179870-ppv.png.webp
[Service] Using relative path for Supabase: 7253e7c3-2413-49bd-971d-aa687a593725/thumb-1765419179870-ppv.png.webp
[Controller] getSecureContentUrl: Request for contentId="44" by userId="7253e7c3-2413-49bd-971d-aa687a593725"
[Service] getSecureUrlForThumbnail: Verifying access for userId="7253e7c3-2413-49bd-971d-aa687a593725" to contentId="44"
[Model] findContentById: Querying database for content with id=44
[Model] Successfully found content for id=41.
[Service] Found content: PPV Post (Creator ID: 7253e7c3-2413-49bd-971d-aa687a593725)
[Service] User is the owner. Granting access.
[Service] Full thumbnail URL from DB: 7253e7c3-2413-49bd-971d-aa687a593725/thumb-1765419296412-ppv.png.webp
[Service] Path from DB: 7253e7c3-2413-49bd-971d-aa687a593725/thumb-1765419296412-ppv.png.webp
[Service] Using relative path for Supabase: 7253e7c3-2413-49bd-971d-aa687a593725/thumb-1765419296412-ppv.png.webp
[Controller] getSecureContentUrl: Request for contentId="40" by userId="7253e7c3-2413-49bd-971d-aa687a593725"
[Service] getSecureUrlForThumbnail: Verifying access for userId="7253e7c3-2413-49bd-971d-aa687a593725" to contentId="40"
[Model] findContentById: Querying database for content with id=40
[Model] Successfully found content for id=39.
[Service] Found content: Test Post Title (Creator ID: 7253e7c3-2413-49bd-971d-aa687a593725)
[Service] User is the owner. Granting access.
[Service] Full thumbnail URL from DB: 7253e7c3-2413-49bd-971d-aa687a593725/thumb-1765419179772-test.png.webp
[Service] Path from DB: 7253e7c3-2413-49bd-971d-aa687a593725/thumb-1765419179772-test.png.webp
[Service] Using relative path for Supabase: 7253e7c3-2413-49bd-971d-aa687a593725/thumb-1765419179772-test.png.webp
[Service] Generated signed URL successfully for path "7253e7c3-2413-49bd-971d-aa687a593725/thumb-1765419296397-test.png.webp"
[Controller] Successfully generated secure URL for contentId="42"
[Service] Generated signed URL successfully for path "7253e7c3-2413-49bd-971d-aa687a593725/thumb-1765420154367-ppv.png.webp"
[Controller] Successfully generated secure URL for contentId="43"
[Service] Generated signed URL successfully for path "7253e7c3-2413-49bd-971d-aa687a593725/thumb-1765419296412-ppv.png.webp"
[Controller] Successfully generated secure URL for contentId="41"
[Model] Successfully found content for id=44.
[Service] Found content: Test Post Title (Creator ID: 7253e7c3-2413-49bd-971d-aa687a593725)
[Service] User is the owner. Granting access.
[Service] Full thumbnail URL from DB: 7253e7c3-2413-49bd-971d-aa687a593725/thumb-1765420154355-test.png.webp
[Service] Path from DB: 7253e7c3-2413-49bd-971d-aa687a593725/thumb-1765420154355-test.png.webp
[Service] Using relative path for Supabase: 7253e7c3-2413-49bd-971d-aa687a593725/thumb-1765420154355-test.png.webp
[Service] Generated signed URL successfully for path "7253e7c3-2413-49bd-971d-aa687a593725/thumb-1765419179870-ppv.png.webp"
[Controller] Successfully generated secure URL for contentId="40"
[Model] Successfully found content for id=40.
[Service] Found content: PPV Post (Creator ID: 7253e7c3-2413-49bd-971d-aa687a593725)
[Service] User is the owner. Granting access.
[Service] Full thumbnail URL from DB: 7253e7c3-2413-49bd-971d-aa687a593725/thumb-1765419179870-ppv.png.webp
[Service] Path from DB: 7253e7c3-2413-49bd-971d-aa687a593725/thumb-1765419179870-ppv.png.webp
[Service] Using relative path for Supabase: 7253e7c3-2413-49bd-971d-aa687a593725/thumb-1765419179870-ppv.png.webp
[Service] Generated signed URL successfully for path "7253e7c3-2413-49bd-971d-aa687a593725/thumb-1765419296412-ppv.png.webp"
[Controller] Successfully generated secure URL for contentId="41"
[Controller] getSecureContentUrl: Request for contentId="39" by userId="7253e7c3-2413-49bd-971d-aa687a593725"
[Service] getSecureUrlForThumbnail: Verifying access for userId="7253e7c3-2413-49bd-971d-aa687a593725" to contentId="39"
[Model] findContentById: Querying database for content with id=39
[Service] Generated signed URL successfully for path "7253e7c3-2413-49bd-971d-aa687a593725/thumb-1765419179772-test.png.webp"
[Controller] Successfully generated secure URL for contentId="39"
[Service] Generated signed URL successfully for path "7253e7c3-2413-49bd-971d-aa687a593725/thumb-1765420154355-test.png.webp"
[Controller] Successfully generated secure URL for contentId="44"
[Model] Successfully found content for id=39.
[Service] Found content: Test Post Title (Creator ID: 7253e7c3-2413-49bd-971d-aa687a593725)
[Service] User is the owner. Granting access.
[Service] Full thumbnail URL from DB: 7253e7c3-2413-49bd-971d-aa687a593725/thumb-1765419179772-test.png.webp
[Service] Path from DB: 7253e7c3-2413-49bd-971d-aa687a593725/thumb-1765419179772-test.png.webp
[Service] Using relative path for Supabase: 7253e7c3-2413-49bd-971d-aa687a593725/thumb-1765419179772-test.png.webp
[Service] Generated signed URL successfully for path "7253e7c3-2413-49bd-971d-aa687a593725/thumb-1765419179870-ppv.png.webp"
[Controller] Successfully generated secure URL for contentId="40"
[Service] Generated signed URL successfully for path "7253e7c3-2413-49bd-971d-aa687a593725/thumb-1765419179772-test.png.webp"
[Controller] Successfully generated secure URL for contentId="39"
[CreatorOnly] Checking user role...
[CreatorOnly] req.user.role: creator
[CreatorOnly] req.originalUser: none
[CreatorOnly] Access granted. isCreator: true, isAdminImpersonatingCreator: undefined
[CreatorOnly] Checking user role...
[CreatorOnly] req.user.role: creator
[CreatorOnly] req.originalUser: none
[CreatorOnly] Access granted. isCreator: true, isAdminImpersonatingCreator: undefined
[CreatorOnly] Checking user role...
[CreatorOnly] req.user.role: creator
[CreatorOnly] req.originalUser: none
[CreatorOnly] Access granted. isCreator: true, isAdminImpersonatingCreator: undefined
[CreatorOnly] Checking user role...
[CreatorOnly] req.user.role: creator
[CreatorOnly] req.originalUser: none
[CreatorOnly] Access granted. isCreator: true, isAdminImpersonatingCreator: undefined
[CreatorOnly] Checking user role...
[CreatorOnly] req.user.role: creator
[CreatorOnly] req.originalUser: none
[CreatorOnly] Access granted. isCreator: true, isAdminImpersonatingCreator: undefined
[Controller] getMyContent: Fetching content for creatorId=7253e7c3-2413-49bd-971d-aa687a593725
[CreatorOnly] Checking user role...
[CreatorOnly] req.user.role: creator
[CreatorOnly] req.originalUser: none
[CreatorOnly] Access granted. isCreator: true, isAdminImpersonatingCreator: undefined
[Controller] getMyContent: Fetching content for creatorId=7253e7c3-2413-49bd-971d-aa687a593725
[Controller] getMyContent: Found 28 items
[Controller] getMyContent: Titles: PPV Post, Test Post Title, PPV Post, Test Post Title, Test Post Title, Test Post Title, PPV Post, Test Post Title, Test Post Title, PPV Post, Test Post Title, PPV Post, PPV Post, Test Post Title, Exclusive Video, Welcome to my page!, Exclusive Video, Welcome to my page!, Exclusive Video, Welcome to my page!, Exclusive Video, Welcome to my page!, Exclusive Video, Welcome to my page!, Exclusive Video, Welcome to my page!, Exclusive Video, Welcome to my page!
[Controller] First Item Full: {
  "id": 52,
  "creator_id": "7253e7c3-2413-49bd-971d-aa687a593725",
  "title": "PPV Post",
  "description": "",
  "type": "photo",
  "files": [
    {
      "id": "1765423609788-ppv.png",
      "url": "7253e7c3-2413-49bd-971d-aa687a593725/1765423609788-ppv.png",
      "size": 70,
      "mimeType": "image/png",
      "thumbnailUrl": "7253e7c3-2413-49bd-971d-aa687a593725/thumb-1765423609788-ppv.png.webp"
    }
  ],
  "visibility": "pay_per_view",
  "price": 500,
  "tags": null,
  "stats": {
    "tips": 0,
    "views": 0,
    "galleryAdds": 0
  },
  "schedule": {
    "isScheduled": false
  },
  "status": "published",
  "created_at": "2025-12-11T03:26:50.478422+00:00",
  "updated_at": "2025-12-11T03:26:50.478422+00:00",
  "min_tier_level": 1,
  "_id": "52",
  "minTierLevel": 1
}
[Controller] getMyContent: Found 28 items
[Controller] getMyContent: Titles: PPV Post, Test Post Title, PPV Post, Test Post Title, Test Post Title, Test Post Title, PPV Post, Test Post Title, Test Post Title, PPV Post, Test Post Title, PPV Post, PPV Post, Test Post Title, Exclusive Video, Welcome to my page!, Exclusive Video, Welcome to my page!, Exclusive Video, Welcome to my page!, Exclusive Video, Welcome to my page!, Exclusive Video, Welcome to my page!, Exclusive Video, Welcome to my page!, Exclusive Video, Welcome to my page!
[Controller] First Item Full: {
  "id": 52,
  "creator_id": "7253e7c3-2413-49bd-971d-aa687a593725",
  "title": "PPV Post",
  "description": "",
  "type": "photo",
  "files": [
    {
      "id": "1765423609788-ppv.png",
      "url": "7253e7c3-2413-49bd-971d-aa687a593725/1765423609788-ppv.png",
      "size": 70,
      "mimeType": "image/png",
      "thumbnailUrl": "7253e7c3-2413-49bd-971d-aa687a593725/thumb-1765423609788-ppv.png.webp"
    }
  ],
  "visibility": "pay_per_view",
  "price": 500,
  "tags": null,
  "stats": {
    "tips": 0,
    "views": 0,
    "galleryAdds": 0
  },
  "schedule": {
    "isScheduled": false
  },
  "status": "published",
  "created_at": "2025-12-11T03:26:50.478422+00:00",
  "updated_at": "2025-12-11T03:26:50.478422+00:00",
  "min_tier_level": 1,
  "_id": "52",
  "minTierLevel": 1
}
[CreatorOnly] Checking user role...
[CreatorOnly] req.user.role: creator
[CreatorOnly] req.originalUser: none
[CreatorOnly] Access granted. isCreator: true, isAdminImpersonatingCreator: undefined
[Controller] createContent: Processing request body: {
  title: 'Test Post Title',
  description: 'Test Description',
  type: 'photo',
  visibility: 'subscribers_only',
  price: undefined,
  tags: undefined,
  scheduleIsScheduled: false,
  schedulePublishDate: undefined
}
[Controller] createContent: Files received: 1
[CreatorOnly] Checking user role...
[CreatorOnly] req.user.role: creator
[CreatorOnly] req.originalUser: none
[CreatorOnly] Access granted. isCreator: true, isAdminImpersonatingCreator: undefined
[Controller] createContent: Processing request body: {
  title: 'PPV Post',
  description: '',
  type: 'photo',
  visibility: 'pay_per_view',
  price: 500,
  tags: undefined,
  scheduleIsScheduled: false,
  schedulePublishDate: undefined
}
[Controller] createContent: Files received: 1
[Controller] getSecureContentUrl: Request for contentId="50" by userId="7253e7c3-2413-49bd-971d-aa687a593725"
[Service] getSecureUrlForThumbnail: Verifying access for userId="7253e7c3-2413-49bd-971d-aa687a593725" to contentId="50"
[Model] findContentById: Querying database for content with id=50
[Controller] getSecureContentUrl: Request for contentId="52" by userId="7253e7c3-2413-49bd-971d-aa687a593725"
[Service] getSecureUrlForThumbnail: Verifying access for userId="7253e7c3-2413-49bd-971d-aa687a593725" to contentId="52"
[Model] findContentById: Querying database for content with id=52
[Controller] getSecureContentUrl: Request for contentId="51" by userId="7253e7c3-2413-49bd-971d-aa687a593725"
[Service] getSecureUrlForThumbnail: Verifying access for userId="7253e7c3-2413-49bd-971d-aa687a593725" to contentId="51"
[Model] findContentById: Querying database for content with id=51
[Controller] getSecureContentUrl: Request for contentId="51" by userId="7253e7c3-2413-49bd-971d-aa687a593725"
[Service] getSecureUrlForThumbnail: Verifying access for userId="7253e7c3-2413-49bd-971d-aa687a593725" to contentId="51"
[Model] findContentById: Querying database for content with id=51
[Controller] getSecureContentUrl: Request for contentId="48" by userId="7253e7c3-2413-49bd-971d-aa687a593725"
[Service] getSecureUrlForThumbnail: Verifying access for userId="7253e7c3-2413-49bd-971d-aa687a593725" to contentId="48"
[Model] findContentById: Querying database for content with id=48
[Controller] getSecureContentUrl: Request for contentId="48" by userId="7253e7c3-2413-49bd-971d-aa687a593725"
[Service] getSecureUrlForThumbnail: Verifying access for userId="7253e7c3-2413-49bd-971d-aa687a593725" to contentId="48"
[Model] findContentById: Querying database for content with id=48
[Controller] getSecureContentUrl: Request for contentId="50" by userId="7253e7c3-2413-49bd-971d-aa687a593725"
[Service] getSecureUrlForThumbnail: Verifying access for userId="7253e7c3-2413-49bd-971d-aa687a593725" to contentId="50"
[Model] findContentById: Querying database for content with id=50
[Controller] getSecureContentUrl: Request for contentId="52" by userId="7253e7c3-2413-49bd-971d-aa687a593725"
[Service] getSecureUrlForThumbnail: Verifying access for userId="7253e7c3-2413-49bd-971d-aa687a593725" to contentId="52"
[Model] findContentById: Querying database for content with id=52
[Controller] getSecureContentUrl: Request for contentId="49" by userId="7253e7c3-2413-49bd-971d-aa687a593725"
[Service] getSecureUrlForThumbnail: Verifying access for userId="7253e7c3-2413-49bd-971d-aa687a593725" to contentId="49"
[Model] findContentById: Querying database for content with id=49
[Controller] getSecureContentUrl: Request for contentId="49" by userId="7253e7c3-2413-49bd-971d-aa687a593725"
[Service] getSecureUrlForThumbnail: Verifying access for userId="7253e7c3-2413-49bd-971d-aa687a593725" to contentId="49"
[Model] findContentById: Querying database for content with id=49
[Model] Successfully found content for id=52.
[Service] Found content: PPV Post (Creator ID: 7253e7c3-2413-49bd-971d-aa687a593725)
[Service] User is the owner. Granting access.
[Service] Full thumbnail URL from DB: 7253e7c3-2413-49bd-971d-aa687a593725/thumb-1765423609788-ppv.png.webp
[Service] Path from DB: 7253e7c3-2413-49bd-971d-aa687a593725/thumb-1765423609788-ppv.png.webp
[Service] Using relative path for Supabase: 7253e7c3-2413-49bd-971d-aa687a593725/thumb-1765423609788-ppv.png.webp
[Model] Successfully found content for id=51.
[Service] Found content: Test Post Title (Creator ID: 7253e7c3-2413-49bd-971d-aa687a593725)
[Service] User is the owner. Granting access.
[Service] Full thumbnail URL from DB: 7253e7c3-2413-49bd-971d-aa687a593725/thumb-1765423609765-test.png.webp
[Service] Path from DB: 7253e7c3-2413-49bd-971d-aa687a593725/thumb-1765423609765-test.png.webp
[Service] Using relative path for Supabase: 7253e7c3-2413-49bd-971d-aa687a593725/thumb-1765423609765-test.png.webp
[Model] Successfully found content for id=51.
[Service] Found content: Test Post Title (Creator ID: 7253e7c3-2413-49bd-971d-aa687a593725)
[Service] User is the owner. Granting access.
[Service] Full thumbnail URL from DB: 7253e7c3-2413-49bd-971d-aa687a593725/thumb-1765423609765-test.png.webp
[Service] Path from DB: 7253e7c3-2413-49bd-971d-aa687a593725/thumb-1765423609765-test.png.webp
[Service] Using relative path for Supabase: 7253e7c3-2413-49bd-971d-aa687a593725/thumb-1765423609765-test.png.webp
[Model] Successfully found content for id=50.
[Service] Found content: PPV Post (Creator ID: 7253e7c3-2413-49bd-971d-aa687a593725)
[Service] User is the owner. Granting access.
[Service] Full thumbnail URL from DB: 7253e7c3-2413-49bd-971d-aa687a593725/thumb-1765423445885-ppv.png.webp
[Service] Path from DB: 7253e7c3-2413-49bd-971d-aa687a593725/thumb-1765423445885-ppv.png.webp
[Service] Using relative path for Supabase: 7253e7c3-2413-49bd-971d-aa687a593725/thumb-1765423445885-ppv.png.webp
[Model] Successfully found content for id=48.
[Service] Found content: Test Post Title (Creator ID: 7253e7c3-2413-49bd-971d-aa687a593725)
[Service] User is the owner. Granting access.
[Service] Full thumbnail URL from DB: 7253e7c3-2413-49bd-971d-aa687a593725/thumb-1765423277553-test.png.webp
[Service] Path from DB: 7253e7c3-2413-49bd-971d-aa687a593725/thumb-1765423277553-test.png.webp
[Service] Using relative path for Supabase: 7253e7c3-2413-49bd-971d-aa687a593725/thumb-1765423277553-test.png.webp
[Model] Successfully found content for id=48.
[Service] Found content: Test Post Title (Creator ID: 7253e7c3-2413-49bd-971d-aa687a593725)
[Service] User is the owner. Granting access.
[Service] Full thumbnail URL from DB: 7253e7c3-2413-49bd-971d-aa687a593725/thumb-1765423277553-test.png.webp
[Service] Path from DB: 7253e7c3-2413-49bd-971d-aa687a593725/thumb-1765423277553-test.png.webp
[Service] Using relative path for Supabase: 7253e7c3-2413-49bd-971d-aa687a593725/thumb-1765423277553-test.png.webp
[Model] Successfully found content for id=49.
[Service] Found content: Test Post Title (Creator ID: 7253e7c3-2413-49bd-971d-aa687a593725)
[Service] User is the owner. Granting access.
[Service] Full thumbnail URL from DB: 7253e7c3-2413-49bd-971d-aa687a593725/thumb-1765423445603-test.png.webp
[Service] Path from DB: 7253e7c3-2413-49bd-971d-aa687a593725/thumb-1765423445603-test.png.webp
[Service] Using relative path for Supabase: 7253e7c3-2413-49bd-971d-aa687a593725/thumb-1765423445603-test.png.webp
[Model] Successfully found content for id=49.
[Service] Found content: Test Post Title (Creator ID: 7253e7c3-2413-49bd-971d-aa687a593725)
[Service] User is the owner. Granting access.
[Service] Full thumbnail URL from DB: 7253e7c3-2413-49bd-971d-aa687a593725/thumb-1765423445603-test.png.webp
[Service] Path from DB: 7253e7c3-2413-49bd-971d-aa687a593725/thumb-1765423445603-test.png.webp
[Service] Using relative path for Supabase: 7253e7c3-2413-49bd-971d-aa687a593725/thumb-1765423445603-test.png.webp
[Model] Successfully found content for id=52.
[Service] Found content: PPV Post (Creator ID: 7253e7c3-2413-49bd-971d-aa687a593725)
[Service] User is the owner. Granting access.
[Service] Full thumbnail URL from DB: 7253e7c3-2413-49bd-971d-aa687a593725/thumb-1765423609788-ppv.png.webp
[Service] Path from DB: 7253e7c3-2413-49bd-971d-aa687a593725/thumb-1765423609788-ppv.png.webp
[Service] Using relative path for Supabase: 7253e7c3-2413-49bd-971d-aa687a593725/thumb-1765423609788-ppv.png.webp
[Model] Successfully found content for id=50.
[Service] Found content: PPV Post (Creator ID: 7253e7c3-2413-49bd-971d-aa687a593725)
[Service] User is the owner. Granting access.
[Service] Full thumbnail URL from DB: 7253e7c3-2413-49bd-971d-aa687a593725/thumb-1765423445885-ppv.png.webp
[Service] Path from DB: 7253e7c3-2413-49bd-971d-aa687a593725/thumb-1765423445885-ppv.png.webp
[Service] Using relative path for Supabase: 7253e7c3-2413-49bd-971d-aa687a593725/thumb-1765423445885-ppv.png.webp
[Service] Generated signed URL successfully for path "7253e7c3-2413-49bd-971d-aa687a593725/thumb-1765423445885-ppv.png.webp"
[Controller] Successfully generated secure URL for contentId="50"
[Service] Generated signed URL successfully for path "7253e7c3-2413-49bd-971d-aa687a593725/thumb-1765423609765-test.png.webp"
[Controller] Successfully generated secure URL for contentId="51"
[Service] Generated signed URL successfully for path "7253e7c3-2413-49bd-971d-aa687a593725/thumb-1765423609765-test.png.webp"
[Controller] Successfully generated secure URL for contentId="51"
[Service] Generated signed URL successfully for path "7253e7c3-2413-49bd-971d-aa687a593725/thumb-1765423445603-test.png.webp"
[Controller] Successfully generated secure URL for contentId="49"
[Service] Generated signed URL successfully for path "7253e7c3-2413-49bd-971d-aa687a593725/thumb-1765423609788-ppv.png.webp"
[Controller] Successfully generated secure URL for contentId="52"
[Service] Generated signed URL successfully for path "7253e7c3-2413-49bd-971d-aa687a593725/thumb-1765423277553-test.png.webp"
[Controller] Successfully generated secure URL for contentId="48"
[Service] Generated signed URL successfully for path "7253e7c3-2413-49bd-971d-aa687a593725/thumb-1765423277553-test.png.webp"
[Controller] Successfully generated secure URL for contentId="48"
[Service] Generated signed URL successfully for path "7253e7c3-2413-49bd-971d-aa687a593725/thumb-1765423609788-ppv.png.webp"
[Controller] Successfully generated secure URL for contentId="52"
[Service] Generated signed URL successfully for path "7253e7c3-2413-49bd-971d-aa687a593725/thumb-1765423445885-ppv.png.webp"
[Controller] Successfully generated secure URL for contentId="50"
[Controller] getSecureContentUrl: Request for contentId="47" by userId="7253e7c3-2413-49bd-971d-aa687a593725"
[Service] getSecureUrlForThumbnail: Verifying access for userId="7253e7c3-2413-49bd-971d-aa687a593725" to contentId="47"
[Model] findContentById: Querying database for content with id=47
[Service] Generated signed URL successfully for path "7253e7c3-2413-49bd-971d-aa687a593725/thumb-1765423445603-test.png.webp"
[Controller] Successfully generated secure URL for contentId="49"
[Controller] getSecureContentUrl: Request for contentId="47" by userId="7253e7c3-2413-49bd-971d-aa687a593725"
[Service] getSecureUrlForThumbnail: Verifying access for userId="7253e7c3-2413-49bd-971d-aa687a593725" to contentId="47"
[Model] findContentById: Querying database for content with id=47
[Model] Successfully found content for id=47.
[Service] Found content: Test Post Title (Creator ID: 7253e7c3-2413-49bd-971d-aa687a593725)
[Service] User is the owner. Granting access.
[Service] Full thumbnail URL from DB: 7253e7c3-2413-49bd-971d-aa687a593725/thumb-1765420800481-test.png.webp
[Service] Path from DB: 7253e7c3-2413-49bd-971d-aa687a593725/thumb-1765420800481-test.png.webp
[Service] Using relative path for Supabase: 7253e7c3-2413-49bd-971d-aa687a593725/thumb-1765420800481-test.png.webp
[Controller] getSecureContentUrl: Request for contentId="46" by userId="7253e7c3-2413-49bd-971d-aa687a593725"
[Service] getSecureUrlForThumbnail: Verifying access for userId="7253e7c3-2413-49bd-971d-aa687a593725" to contentId="46"
[Model] findContentById: Querying database for content with id=46
[Model] Successfully found content for id=47.
[Service] Found content: Test Post Title (Creator ID: 7253e7c3-2413-49bd-971d-aa687a593725)
[Service] User is the owner. Granting access.
[Service] Full thumbnail URL from DB: 7253e7c3-2413-49bd-971d-aa687a593725/thumb-1765420800481-test.png.webp
[Service] Path from DB: 7253e7c3-2413-49bd-971d-aa687a593725/thumb-1765420800481-test.png.webp
[Service] Using relative path for Supabase: 7253e7c3-2413-49bd-971d-aa687a593725/thumb-1765420800481-test.png.webp
[Controller] getSecureContentUrl: Request for contentId="44" by userId="7253e7c3-2413-49bd-971d-aa687a593725"
[Service] getSecureUrlForThumbnail: Verifying access for userId="7253e7c3-2413-49bd-971d-aa687a593725" to contentId="44"
[Model] findContentById: Querying database for content with id=44
[Controller] getSecureContentUrl: Request for contentId="45" by userId="7253e7c3-2413-49bd-971d-aa687a593725"
[Service] getSecureUrlForThumbnail: Verifying access for userId="7253e7c3-2413-49bd-971d-aa687a593725" to contentId="45"
[Model] findContentById: Querying database for content with id=45
[Controller] getSecureContentUrl: Request for contentId="43" by userId="7253e7c3-2413-49bd-971d-aa687a593725"
[Service] getSecureUrlForThumbnail: Verifying access for userId="7253e7c3-2413-49bd-971d-aa687a593725" to contentId="43"
[Model] findContentById: Querying database for content with id=43
[Controller] getSecureContentUrl: Request for contentId="46" by userId="7253e7c3-2413-49bd-971d-aa687a593725"
[Service] getSecureUrlForThumbnail: Verifying access for userId="7253e7c3-2413-49bd-971d-aa687a593725" to contentId="46"
[Model] findContentById: Querying database for content with id=46
[Controller] getSecureContentUrl: Request for contentId="45" by userId="7253e7c3-2413-49bd-971d-aa687a593725"
[Service] getSecureUrlForThumbnail: Verifying access for userId="7253e7c3-2413-49bd-971d-aa687a593725" to contentId="45"
[Model] findContentById: Querying database for content with id=45
[Controller] getSecureContentUrl: Request for contentId="43" by userId="7253e7c3-2413-49bd-971d-aa687a593725"
[Service] getSecureUrlForThumbnail: Verifying access for userId="7253e7c3-2413-49bd-971d-aa687a593725" to contentId="43"
[Model] findContentById: Querying database for content with id=43
[Model] Successfully found content for id=46.
[Service] Found content: PPV Post (Creator ID: 7253e7c3-2413-49bd-971d-aa687a593725)
[Service] User is the owner. Granting access.
[Service] Full thumbnail URL from DB: 7253e7c3-2413-49bd-971d-aa687a593725/thumb-1765420292932-ppv.png.webp
[Service] Path from DB: 7253e7c3-2413-49bd-971d-aa687a593725/thumb-1765420292932-ppv.png.webp
[Service] Using relative path for Supabase: 7253e7c3-2413-49bd-971d-aa687a593725/thumb-1765420292932-ppv.png.webp
[Controller] getSecureContentUrl: Request for contentId="44" by userId="7253e7c3-2413-49bd-971d-aa687a593725"
[Service] getSecureUrlForThumbnail: Verifying access for userId="7253e7c3-2413-49bd-971d-aa687a593725" to contentId="44"
[Model] findContentById: Querying database for content with id=44
[Model] Successfully found content for id=45.
[Service] Found content: Test Post Title (Creator ID: 7253e7c3-2413-49bd-971d-aa687a593725)
[Service] User is the owner. Granting access.
[Service] Full thumbnail URL from DB: 7253e7c3-2413-49bd-971d-aa687a593725/thumb-1765420292423-test.png.webp
[Service] Path from DB: 7253e7c3-2413-49bd-971d-aa687a593725/thumb-1765420292423-test.png.webp
[Service] Using relative path for Supabase: 7253e7c3-2413-49bd-971d-aa687a593725/thumb-1765420292423-test.png.webp
[Model] Successfully found content for id=44.
[Service] Found content: Test Post Title (Creator ID: 7253e7c3-2413-49bd-971d-aa687a593725)
[Service] User is the owner. Granting access.
[Service] Full thumbnail URL from DB: 7253e7c3-2413-49bd-971d-aa687a593725/thumb-1765420154355-test.png.webp
[Service] Path from DB: 7253e7c3-2413-49bd-971d-aa687a593725/thumb-1765420154355-test.png.webp
[Service] Using relative path for Supabase: 7253e7c3-2413-49bd-971d-aa687a593725/thumb-1765420154355-test.png.webp
[Model] Successfully found content for id=46.
[Service] Found content: PPV Post (Creator ID: 7253e7c3-2413-49bd-971d-aa687a593725)
[Service] User is the owner. Granting access.
[Service] Full thumbnail URL from DB: 7253e7c3-2413-49bd-971d-aa687a593725/thumb-1765420292932-ppv.png.webp
[Service] Path from DB: 7253e7c3-2413-49bd-971d-aa687a593725/thumb-1765420292932-ppv.png.webp
[Service] Using relative path for Supabase: 7253e7c3-2413-49bd-971d-aa687a593725/thumb-1765420292932-ppv.png.webp
[Model] Successfully found content for id=43.
[Service] Found content: PPV Post (Creator ID: 7253e7c3-2413-49bd-971d-aa687a593725)
[Service] User is the owner. Granting access.
[Service] Full thumbnail URL from DB: 7253e7c3-2413-49bd-971d-aa687a593725/thumb-1765420154367-ppv.png.webp
[Service] Path from DB: 7253e7c3-2413-49bd-971d-aa687a593725/thumb-1765420154367-ppv.png.webp
[Service] Using relative path for Supabase: 7253e7c3-2413-49bd-971d-aa687a593725/thumb-1765420154367-ppv.png.webp
[Service] Generated signed URL successfully for path "7253e7c3-2413-49bd-971d-aa687a593725/thumb-1765420800481-test.png.webp"
[Controller] Successfully generated secure URL for contentId="47"
[Service] Generated signed URL successfully for path "7253e7c3-2413-49bd-971d-aa687a593725/thumb-1765420800481-test.png.webp"
[Controller] Successfully generated secure URL for contentId="47"
[Model] Successfully found content for id=45.
[Service] Found content: Test Post Title (Creator ID: 7253e7c3-2413-49bd-971d-aa687a593725)
[Service] User is the owner. Granting access.
[Service] Full thumbnail URL from DB: 7253e7c3-2413-49bd-971d-aa687a593725/thumb-1765420292423-test.png.webp
[Service] Path from DB: 7253e7c3-2413-49bd-971d-aa687a593725/thumb-1765420292423-test.png.webp
[Service] Using relative path for Supabase: 7253e7c3-2413-49bd-971d-aa687a593725/thumb-1765420292423-test.png.webp
[Model] Successfully found content for id=43.
[Service] Found content: PPV Post (Creator ID: 7253e7c3-2413-49bd-971d-aa687a593725)
[Service] User is the owner. Granting access.
[Service] Full thumbnail URL from DB: 7253e7c3-2413-49bd-971d-aa687a593725/thumb-1765420154367-ppv.png.webp
[Service] Path from DB: 7253e7c3-2413-49bd-971d-aa687a593725/thumb-1765420154367-ppv.png.webp
[Service] Using relative path for Supabase: 7253e7c3-2413-49bd-971d-aa687a593725/thumb-1765420154367-ppv.png.webp
[Service] Generated signed URL successfully for path "7253e7c3-2413-49bd-971d-aa687a593725/thumb-1765420292932-ppv.png.webp"
[Controller] Successfully generated secure URL for contentId="46"
[Model] Successfully found content for id=44.
[Service] Found content: Test Post Title (Creator ID: 7253e7c3-2413-49bd-971d-aa687a593725)
[Service] User is the owner. Granting access.
[Service] Full thumbnail URL from DB: 7253e7c3-2413-49bd-971d-aa687a593725/thumb-1765420154355-test.png.webp
[Service] Path from DB: 7253e7c3-2413-49bd-971d-aa687a593725/thumb-1765420154355-test.png.webp
[Service] Using relative path for Supabase: 7253e7c3-2413-49bd-971d-aa687a593725/thumb-1765420154355-test.png.webp
[Service] Generated signed URL successfully for path "7253e7c3-2413-49bd-971d-aa687a593725/thumb-1765420292423-test.png.webp"
[Controller] Successfully generated secure URL for contentId="45"
[Controller] getSecureContentUrl: Request for contentId="42" by userId="7253e7c3-2413-49bd-971d-aa687a593725"
[Service] getSecureUrlForThumbnail: Verifying access for userId="7253e7c3-2413-49bd-971d-aa687a593725" to contentId="42"
[Model] findContentById: Querying database for content with id=42
[Service] Generated signed URL successfully for path "7253e7c3-2413-49bd-971d-aa687a593725/thumb-1765420154367-ppv.png.webp"
[Controller] Successfully generated secure URL for contentId="43"
[Service] Generated signed URL successfully for path "7253e7c3-2413-49bd-971d-aa687a593725/thumb-1765420292932-ppv.png.webp"
[Controller] Successfully generated secure URL for contentId="46"
[Service] Generated signed URL successfully for path "7253e7c3-2413-49bd-971d-aa687a593725/thumb-1765420154355-test.png.webp"
[Controller] Successfully generated secure URL for contentId="44"
[Service] Generated signed URL successfully for path "7253e7c3-2413-49bd-971d-aa687a593725/thumb-1765420292423-test.png.webp"
[Controller] Successfully generated secure URL for contentId="45"
[Service] Generated signed URL successfully for path "7253e7c3-2413-49bd-971d-aa687a593725/thumb-1765420154355-test.png.webp"
[Controller] Successfully generated secure URL for contentId="44"
[Service] Generated signed URL successfully for path "7253e7c3-2413-49bd-971d-aa687a593725/thumb-1765420154367-ppv.png.webp"
[Controller] Successfully generated secure URL for contentId="43"
[Controller] getSecureContentUrl: Request for contentId="41" by userId="7253e7c3-2413-49bd-971d-aa687a593725"
[Service] getSecureUrlForThumbnail: Verifying access for userId="7253e7c3-2413-49bd-971d-aa687a593725" to contentId="41"
[Model] findContentById: Querying database for content with id=41
[Model] Successfully found content for id=42.
[Service] Found content: Test Post Title (Creator ID: 7253e7c3-2413-49bd-971d-aa687a593725)
[Service] User is the owner. Granting access.
[Service] Full thumbnail URL from DB: 7253e7c3-2413-49bd-971d-aa687a593725/thumb-1765419296397-test.png.webp
[Service] Path from DB: 7253e7c3-2413-49bd-971d-aa687a593725/thumb-1765419296397-test.png.webp
[Service] Using relative path for Supabase: 7253e7c3-2413-49bd-971d-aa687a593725/thumb-1765419296397-test.png.webp
[Controller] getSecureContentUrl: Request for contentId="42" by userId="7253e7c3-2413-49bd-971d-aa687a593725"
[Service] getSecureUrlForThumbnail: Verifying access for userId="7253e7c3-2413-49bd-971d-aa687a593725" to contentId="42"
[Model] findContentById: Querying database for content with id=42
[Controller] getSecureContentUrl: Request for contentId="41" by userId="7253e7c3-2413-49bd-971d-aa687a593725"
[Service] getSecureUrlForThumbnail: Verifying access for userId="7253e7c3-2413-49bd-971d-aa687a593725" to contentId="41"
[Model] findContentById: Querying database for content with id=41
[Controller] getSecureContentUrl: Request for contentId="40" by userId="7253e7c3-2413-49bd-971d-aa687a593725"
[Service] getSecureUrlForThumbnail: Verifying access for userId="7253e7c3-2413-49bd-971d-aa687a593725" to contentId="40"
[Model] findContentById: Querying database for content with id=40
[Controller] getSecureContentUrl: Request for contentId="39" by userId="7253e7c3-2413-49bd-971d-aa687a593725"
[Service] getSecureUrlForThumbnail: Verifying access for userId="7253e7c3-2413-49bd-971d-aa687a593725" to contentId="39"
[Model] findContentById: Querying database for content with id=39
[Model] Successfully found content for id=41.
[Service] Found content: PPV Post (Creator ID: 7253e7c3-2413-49bd-971d-aa687a593725)
[Service] User is the owner. Granting access.
[Service] Full thumbnail URL from DB: 7253e7c3-2413-49bd-971d-aa687a593725/thumb-1765419296412-ppv.png.webp
[Service] Path from DB: 7253e7c3-2413-49bd-971d-aa687a593725/thumb-1765419296412-ppv.png.webp
[Service] Using relative path for Supabase: 7253e7c3-2413-49bd-971d-aa687a593725/thumb-1765419296412-ppv.png.webp
[Service] Generated signed URL successfully for path "7253e7c3-2413-49bd-971d-aa687a593725/thumb-1765419296397-test.png.webp"
[Controller] Successfully generated secure URL for contentId="42"
[Model] Successfully found content for id=42.
[Service] Found content: Test Post Title (Creator ID: 7253e7c3-2413-49bd-971d-aa687a593725)
[Service] User is the owner. Granting access.
[Service] Full thumbnail URL from DB: 7253e7c3-2413-49bd-971d-aa687a593725/thumb-1765419296397-test.png.webp
[Service] Path from DB: 7253e7c3-2413-49bd-971d-aa687a593725/thumb-1765419296397-test.png.webp
[Service] Using relative path for Supabase: 7253e7c3-2413-49bd-971d-aa687a593725/thumb-1765419296397-test.png.webp
[Controller] getSecureContentUrl: Request for contentId="50" by userId="7253e7c3-2413-49bd-971d-aa687a593725"
[Service] getSecureUrlForThumbnail: Verifying access for userId="7253e7c3-2413-49bd-971d-aa687a593725" to contentId="50"
[Model] findContentById: Querying database for content with id=50
[Model] Successfully found content for id=41.
[Service] Found content: PPV Post (Creator ID: 7253e7c3-2413-49bd-971d-aa687a593725)
[Service] User is the owner. Granting access.
[Service] Full thumbnail URL from DB: 7253e7c3-2413-49bd-971d-aa687a593725/thumb-1765419296412-ppv.png.webp
[Service] Path from DB: 7253e7c3-2413-49bd-971d-aa687a593725/thumb-1765419296412-ppv.png.webp
[Service] Using relative path for Supabase: 7253e7c3-2413-49bd-971d-aa687a593725/thumb-1765419296412-ppv.png.webp
[Controller] getSecureContentUrl: Request for contentId="51" by userId="7253e7c3-2413-49bd-971d-aa687a593725"
[Service] getSecureUrlForThumbnail: Verifying access for userId="7253e7c3-2413-49bd-971d-aa687a593725" to contentId="51"
[Model] findContentById: Querying database for content with id=51
[Controller] getSecureContentUrl: Request for contentId="40" by userId="7253e7c3-2413-49bd-971d-aa687a593725"
[Service] getSecureUrlForThumbnail: Verifying access for userId="7253e7c3-2413-49bd-971d-aa687a593725" to contentId="40"
[Model] findContentById: Querying database for content with id=40
[Controller] getSecureContentUrl: Request for contentId="48" by userId="7253e7c3-2413-49bd-971d-aa687a593725"
[Service] getSecureUrlForThumbnail: Verifying access for userId="7253e7c3-2413-49bd-971d-aa687a593725" to contentId="48"
[Model] findContentById: Querying database for content with id=48
[Controller] getSecureContentUrl: Request for contentId="51" by userId="7253e7c3-2413-49bd-971d-aa687a593725"
[Service] getSecureUrlForThumbnail: Verifying access for userId="7253e7c3-2413-49bd-971d-aa687a593725" to contentId="51"
[Model] findContentById: Querying database for content with id=51
[Model] Successfully found content for id=40.
[Service] Found content: PPV Post (Creator ID: 7253e7c3-2413-49bd-971d-aa687a593725)
[Service] User is the owner. Granting access.
[Service] Full thumbnail URL from DB: 7253e7c3-2413-49bd-971d-aa687a593725/thumb-1765419179870-ppv.png.webp
[Service] Path from DB: 7253e7c3-2413-49bd-971d-aa687a593725/thumb-1765419179870-ppv.png.webp
[Service] Using relative path for Supabase: 7253e7c3-2413-49bd-971d-aa687a593725/thumb-1765419179870-ppv.png.webp
[Model] Successfully found content for id=39.
[Service] Found content: Test Post Title (Creator ID: 7253e7c3-2413-49bd-971d-aa687a593725)
[Service] User is the owner. Granting access.
[Service] Full thumbnail URL from DB: 7253e7c3-2413-49bd-971d-aa687a593725/thumb-1765419179772-test.png.webp
[Service] Path from DB: 7253e7c3-2413-49bd-971d-aa687a593725/thumb-1765419179772-test.png.webp
[Service] Using relative path for Supabase: 7253e7c3-2413-49bd-971d-aa687a593725/thumb-1765419179772-test.png.webp
[Controller] getSecureContentUrl: Request for contentId="39" by userId="7253e7c3-2413-49bd-971d-aa687a593725"
[Service] getSecureUrlForThumbnail: Verifying access for userId="7253e7c3-2413-49bd-971d-aa687a593725" to contentId="39"
[Model] findContentById: Querying database for content with id=39
[Service] Generated signed URL successfully for path "7253e7c3-2413-49bd-971d-aa687a593725/thumb-1765419296412-ppv.png.webp"
[Controller] Successfully generated secure URL for contentId="41"
[Controller] getSecureContentUrl: Request for contentId="49" by userId="7253e7c3-2413-49bd-971d-aa687a593725"
[Service] getSecureUrlForThumbnail: Verifying access for userId="7253e7c3-2413-49bd-971d-aa687a593725" to contentId="49"
[Model] findContentById: Querying database for content with id=49
[Model] Successfully found content for id=40.
[Service] Found content: PPV Post (Creator ID: 7253e7c3-2413-49bd-971d-aa687a593725)
[Service] User is the owner. Granting access.
[Service] Full thumbnail URL from DB: 7253e7c3-2413-49bd-971d-aa687a593725/thumb-1765419179870-ppv.png.webp
[Service] Path from DB: 7253e7c3-2413-49bd-971d-aa687a593725/thumb-1765419179870-ppv.png.webp
[Service] Using relative path for Supabase: 7253e7c3-2413-49bd-971d-aa687a593725/thumb-1765419179870-ppv.png.webp
[Model] Successfully found content for id=51.
[Service] Found content: Test Post Title (Creator ID: 7253e7c3-2413-49bd-971d-aa687a593725)
[Service] User is the owner. Granting access.
[Service] Full thumbnail URL from DB: 7253e7c3-2413-49bd-971d-aa687a593725/thumb-1765423609765-test.png.webp
[Service] Path from DB: 7253e7c3-2413-49bd-971d-aa687a593725/thumb-1765423609765-test.png.webp
[Service] Using relative path for Supabase: 7253e7c3-2413-49bd-971d-aa687a593725/thumb-1765423609765-test.png.webp
[Model] Successfully found content for id=50.
[Service] Found content: PPV Post (Creator ID: 7253e7c3-2413-49bd-971d-aa687a593725)
[Service] User is the owner. Granting access.
[Service] Full thumbnail URL from DB: 7253e7c3-2413-49bd-971d-aa687a593725/thumb-1765423445885-ppv.png.webp
[Service] Path from DB: 7253e7c3-2413-49bd-971d-aa687a593725/thumb-1765423445885-ppv.png.webp
[Service] Using relative path for Supabase: 7253e7c3-2413-49bd-971d-aa687a593725/thumb-1765423445885-ppv.png.webp
[Model] Successfully found content for id=48.
[Service] Found content: Test Post Title (Creator ID: 7253e7c3-2413-49bd-971d-aa687a593725)
[Service] User is the owner. Granting access.
[Service] Full thumbnail URL from DB: 7253e7c3-2413-49bd-971d-aa687a593725/thumb-1765423277553-test.png.webp
[Service] Path from DB: 7253e7c3-2413-49bd-971d-aa687a593725/thumb-1765423277553-test.png.webp
[Service] Using relative path for Supabase: 7253e7c3-2413-49bd-971d-aa687a593725/thumb-1765423277553-test.png.webp
[Service] Generated signed URL successfully for path "7253e7c3-2413-49bd-971d-aa687a593725/thumb-1765419296412-ppv.png.webp"
[Controller] Successfully generated secure URL for contentId="41"
[Service] Generated signed URL successfully for path "7253e7c3-2413-49bd-971d-aa687a593725/thumb-1765419296397-test.png.webp"
[Controller] Successfully generated secure URL for contentId="42"
[Model] Successfully found content for id=51.
[Service] Found content: Test Post Title (Creator ID: 7253e7c3-2413-49bd-971d-aa687a593725)
[Service] User is the owner. Granting access.
[Service] Full thumbnail URL from DB: 7253e7c3-2413-49bd-971d-aa687a593725/thumb-1765423609765-test.png.webp
[Service] Path from DB: 7253e7c3-2413-49bd-971d-aa687a593725/thumb-1765423609765-test.png.webp
[Service] Using relative path for Supabase: 7253e7c3-2413-49bd-971d-aa687a593725/thumb-1765423609765-test.png.webp
[Service] Generated signed URL successfully for path "7253e7c3-2413-49bd-971d-aa687a593725/thumb-1765419179870-ppv.png.webp"
[Controller] Successfully generated secure URL for contentId="40"
[Service] Generated signed URL successfully for path "7253e7c3-2413-49bd-971d-aa687a593725/thumb-1765419179772-test.png.webp"
[Controller] Successfully generated secure URL for contentId="39"
[Model] Successfully found content for id=39.
[Service] Found content: Test Post Title (Creator ID: 7253e7c3-2413-49bd-971d-aa687a593725)
[Service] User is the owner. Granting access.
[Service] Full thumbnail URL from DB: 7253e7c3-2413-49bd-971d-aa687a593725/thumb-1765419179772-test.png.webp
[Service] Path from DB: 7253e7c3-2413-49bd-971d-aa687a593725/thumb-1765419179772-test.png.webp
[Service] Using relative path for Supabase: 7253e7c3-2413-49bd-971d-aa687a593725/thumb-1765419179772-test.png.webp
[Model] Successfully found content for id=49.
[Service] Found content: Test Post Title (Creator ID: 7253e7c3-2413-49bd-971d-aa687a593725)
[Service] User is the owner. Granting access.
[Service] Full thumbnail URL from DB: 7253e7c3-2413-49bd-971d-aa687a593725/thumb-1765423445603-test.png.webp
[Service] Path from DB: 7253e7c3-2413-49bd-971d-aa687a593725/thumb-1765423445603-test.png.webp
[Service] Using relative path for Supabase: 7253e7c3-2413-49bd-971d-aa687a593725/thumb-1765423445603-test.png.webp
[Service] Generated signed URL successfully for path "7253e7c3-2413-49bd-971d-aa687a593725/thumb-1765423609765-test.png.webp"
[Controller] Successfully generated secure URL for contentId="51"
[Service] Generated signed URL successfully for path "7253e7c3-2413-49bd-971d-aa687a593725/thumb-1765419179870-ppv.png.webp"
[Controller] Successfully generated secure URL for contentId="40"
[Service] Generated signed URL successfully for path "7253e7c3-2413-49bd-971d-aa687a593725/thumb-1765423445885-ppv.png.webp"
[Controller] Successfully generated secure URL for contentId="50"
[Service] Generated signed URL successfully for path "7253e7c3-2413-49bd-971d-aa687a593725/thumb-1765423277553-test.png.webp"
[Controller] Successfully generated secure URL for contentId="48"
[Service] Generated signed URL successfully for path "7253e7c3-2413-49bd-971d-aa687a593725/thumb-1765423609765-test.png.webp"
[Controller] Successfully generated secure URL for contentId="51"
[Service] Generated signed URL successfully for path "7253e7c3-2413-49bd-971d-aa687a593725/thumb-1765419179772-test.png.webp"
[Controller] Successfully generated secure URL for contentId="39"
[Service] Generated signed URL successfully for path "7253e7c3-2413-49bd-971d-aa687a593725/thumb-1765423445603-test.png.webp"
[Controller] Successfully generated secure URL for contentId="49"
[CreatorOnly] Checking user role...
[CreatorOnly] req.user.role: creator
[CreatorOnly] req.originalUser: none
[CreatorOnly] Access granted. isCreator: true, isAdminImpersonatingCreator: undefined
[Controller] getMyContent: Fetching content for creatorId=7253e7c3-2413-49bd-971d-aa687a593725
[CreatorOnly] Checking user role...
[CreatorOnly] req.user.role: creator
[CreatorOnly] req.originalUser: none
[CreatorOnly] Access granted. isCreator: true, isAdminImpersonatingCreator: undefined
[Controller] getMyContent: Fetching content for creatorId=7253e7c3-2413-49bd-971d-aa687a593725
[Controller] getMyContent: Found 30 items
[Controller] getMyContent: Titles: PPV Post, Test Post Title, PPV Post, Test Post Title, PPV Post, Test Post Title, Test Post Title, Test Post Title, PPV Post, Test Post Title, Test Post Title, PPV Post, Test Post Title, PPV Post, PPV Post, Test Post Title, Exclusive Video, Welcome to my page!, Exclusive Video, Welcome to my page!, Exclusive Video, Welcome to my page!, Exclusive Video, Welcome to my page!, Exclusive Video, Welcome to my page!, Exclusive Video, Welcome to my page!, Exclusive Video, Welcome to my page!
[Controller] First Item Full: {
  "id": 54,
  "creator_id": "7253e7c3-2413-49bd-971d-aa687a593725",
  "title": "PPV Post",
  "description": "",
  "type": "photo",
  "files": [
    {
      "id": "1765423732172-ppv.png",
      "url": "7253e7c3-2413-49bd-971d-aa687a593725/1765423732172-ppv.png",
      "size": 70,
      "mimeType": "image/png",
      "thumbnailUrl": "7253e7c3-2413-49bd-971d-aa687a593725/thumb-1765423732172-ppv.png.webp"
    }
  ],
  "visibility": "pay_per_view",
  "price": 500,
  "tags": null,
  "stats": {
    "tips": 0,
    "views": 0,
    "galleryAdds": 0
  },
  "schedule": {
    "isScheduled": false
  },
  "status": "published",
  "created_at": "2025-12-11T03:28:52.834851+00:00",
  "updated_at": "2025-12-11T03:28:52.834851+00:00",
  "min_tier_level": 1,
  "_id": "54",
  "minTierLevel": 1
}
[Controller] getMyContent: Found 30 items
[Controller] getMyContent: Titles: PPV Post, Test Post Title, PPV Post, Test Post Title, PPV Post, Test Post Title, Test Post Title, Test Post Title, PPV Post, Test Post Title, Test Post Title, PPV Post, Test Post Title, PPV Post, PPV Post, Test Post Title, Exclusive Video, Welcome to my page!, Exclusive Video, Welcome to my page!, Exclusive Video, Welcome to my page!, Exclusive Video, Welcome to my page!, Exclusive Video, Welcome to my page!, Exclusive Video, Welcome to my page!, Exclusive Video, Welcome to my page!
[Controller] First Item Full: {
  "id": 54,
  "creator_id": "7253e7c3-2413-49bd-971d-aa687a593725",
  "title": "PPV Post",
  "description": "",
  "type": "photo",
  "files": [
    {
      "id": "1765423732172-ppv.png",
      "url": "7253e7c3-2413-49bd-971d-aa687a593725/1765423732172-ppv.png",
      "size": 70,
      "mimeType": "image/png",
      "thumbnailUrl": "7253e7c3-2413-49bd-971d-aa687a593725/thumb-1765423732172-ppv.png.webp"
    }
  ],
  "visibility": "pay_per_view",
  "price": 500,
  "tags": null,
  "stats": {
    "tips": 0,
    "views": 0,
    "galleryAdds": 0
  },
  "schedule": {
    "isScheduled": false
  },
  "status": "published",
  "created_at": "2025-12-11T03:28:52.834851+00:00",
  "updated_at": "2025-12-11T03:28:52.834851+00:00",
  "min_tier_level": 1,
  "_id": "54",
  "minTierLevel": 1
}
[Controller] getSecureContentUrl: Request for contentId="53" by userId="7253e7c3-2413-49bd-971d-aa687a593725"
[Service] getSecureUrlForThumbnail: Verifying access for userId="7253e7c3-2413-49bd-971d-aa687a593725" to contentId="53"
[Model] findContentById: Querying database for content with id=53
[Controller] getSecureContentUrl: Request for contentId="52" by userId="7253e7c3-2413-49bd-971d-aa687a593725"
[Service] getSecureUrlForThumbnail: Verifying access for userId="7253e7c3-2413-49bd-971d-aa687a593725" to contentId="52"
[Model] findContentById: Querying database for content with id=52
[Controller] getSecureContentUrl: Request for contentId="54" by userId="7253e7c3-2413-49bd-971d-aa687a593725"
[Service] getSecureUrlForThumbnail: Verifying access for userId="7253e7c3-2413-49bd-971d-aa687a593725" to contentId="54"
[Model] findContentById: Querying database for content with id=54
[Controller] getSecureContentUrl: Request for contentId="51" by userId="7253e7c3-2413-49bd-971d-aa687a593725"
[Service] getSecureUrlForThumbnail: Verifying access for userId="7253e7c3-2413-49bd-971d-aa687a593725" to contentId="51"
[Model] findContentById: Querying database for content with id=51
[Controller] getSecureContentUrl: Request for contentId="54" by userId="7253e7c3-2413-49bd-971d-aa687a593725"
[Service] getSecureUrlForThumbnail: Verifying access for userId="7253e7c3-2413-49bd-971d-aa687a593725" to contentId="54"
[Model] findContentById: Querying database for content with id=54
[Controller] getSecureContentUrl: Request for contentId="53" by userId="7253e7c3-2413-49bd-971d-aa687a593725"
[Service] getSecureUrlForThumbnail: Verifying access for userId="7253e7c3-2413-49bd-971d-aa687a593725" to contentId="53"
[Model] findContentById: Querying database for content with id=53
[Controller] getSecureContentUrl: Request for contentId="52" by userId="7253e7c3-2413-49bd-971d-aa687a593725"
[Service] getSecureUrlForThumbnail: Verifying access for userId="7253e7c3-2413-49bd-971d-aa687a593725" to contentId="52"
[Model] findContentById: Querying database for content with id=52
[Controller] getSecureContentUrl: Request for contentId="50" by userId="7253e7c3-2413-49bd-971d-aa687a593725"
[Service] getSecureUrlForThumbnail: Verifying access for userId="7253e7c3-2413-49bd-971d-aa687a593725" to contentId="50"
[Model] findContentById: Querying database for content with id=50
[Controller] getSecureContentUrl: Request for contentId="49" by userId="7253e7c3-2413-49bd-971d-aa687a593725"
[Service] getSecureUrlForThumbnail: Verifying access for userId="7253e7c3-2413-49bd-971d-aa687a593725" to contentId="49"
[Model] findContentById: Querying database for content with id=49
[Controller] getSecureContentUrl: Request for contentId="50" by userId="7253e7c3-2413-49bd-971d-aa687a593725"
[Service] getSecureUrlForThumbnail: Verifying access for userId="7253e7c3-2413-49bd-971d-aa687a593725" to contentId="50"
[Model] findContentById: Querying database for content with id=50
[Controller] getSecureContentUrl: Request for contentId="49" by userId="7253e7c3-2413-49bd-971d-aa687a593725"
[Service] getSecureUrlForThumbnail: Verifying access for userId="7253e7c3-2413-49bd-971d-aa687a593725" to contentId="49"
[Model] findContentById: Querying database for content with id=49
[Controller] getSecureContentUrl: Request for contentId="51" by userId="7253e7c3-2413-49bd-971d-aa687a593725"
[Service] getSecureUrlForThumbnail: Verifying access for userId="7253e7c3-2413-49bd-971d-aa687a593725" to contentId="51"
[Model] findContentById: Querying database for content with id=51
[Model] Successfully found content for id=53.
[Service] Found content: Test Post Title (Creator ID: 7253e7c3-2413-49bd-971d-aa687a593725)
[Service] User is the owner. Granting access.
[Service] Full thumbnail URL from DB: 7253e7c3-2413-49bd-971d-aa687a593725/thumb-1765423732159-test.png.webp
[Service] Path from DB: 7253e7c3-2413-49bd-971d-aa687a593725/thumb-1765423732159-test.png.webp
[Service] Using relative path for Supabase: 7253e7c3-2413-49bd-971d-aa687a593725/thumb-1765423732159-test.png.webp
[Model] Successfully found content for id=52.
[Service] Found content: PPV Post (Creator ID: 7253e7c3-2413-49bd-971d-aa687a593725)
[Service] User is the owner. Granting access.
[Service] Full thumbnail URL from DB: 7253e7c3-2413-49bd-971d-aa687a593725/thumb-1765423609788-ppv.png.webp
[Service] Path from DB: 7253e7c3-2413-49bd-971d-aa687a593725/thumb-1765423609788-ppv.png.webp
[Service] Using relative path for Supabase: 7253e7c3-2413-49bd-971d-aa687a593725/thumb-1765423609788-ppv.png.webp
[Model] Successfully found content for id=54.
[Service] Found content: PPV Post (Creator ID: 7253e7c3-2413-49bd-971d-aa687a593725)
[Service] User is the owner. Granting access.
[Service] Full thumbnail URL from DB: 7253e7c3-2413-49bd-971d-aa687a593725/thumb-1765423732172-ppv.png.webp
[Service] Path from DB: 7253e7c3-2413-49bd-971d-aa687a593725/thumb-1765423732172-ppv.png.webp
[Service] Using relative path for Supabase: 7253e7c3-2413-49bd-971d-aa687a593725/thumb-1765423732172-ppv.png.webp
[Model] Successfully found content for id=54.
[Service] Found content: PPV Post (Creator ID: 7253e7c3-2413-49bd-971d-aa687a593725)
[Service] User is the owner. Granting access.
[Service] Full thumbnail URL from DB: 7253e7c3-2413-49bd-971d-aa687a593725/thumb-1765423732172-ppv.png.webp
[Service] Path from DB: 7253e7c3-2413-49bd-971d-aa687a593725/thumb-1765423732172-ppv.png.webp
[Service] Using relative path for Supabase: 7253e7c3-2413-49bd-971d-aa687a593725/thumb-1765423732172-ppv.png.webp
[Model] Successfully found content for id=51.
[Service] Found content: Test Post Title (Creator ID: 7253e7c3-2413-49bd-971d-aa687a593725)
[Service] User is the owner. Granting access.
[Service] Full thumbnail URL from DB: 7253e7c3-2413-49bd-971d-aa687a593725/thumb-1765423609765-test.png.webp
[Service] Path from DB: 7253e7c3-2413-49bd-971d-aa687a593725/thumb-1765423609765-test.png.webp
[Service] Using relative path for Supabase: 7253e7c3-2413-49bd-971d-aa687a593725/thumb-1765423609765-test.png.webp
[Model] Successfully found content for id=50.
[Service] Found content: PPV Post (Creator ID: 7253e7c3-2413-49bd-971d-aa687a593725)
[Service] User is the owner. Granting access.
[Service] Full thumbnail URL from DB: 7253e7c3-2413-49bd-971d-aa687a593725/thumb-1765423445885-ppv.png.webp
[Service] Path from DB: 7253e7c3-2413-49bd-971d-aa687a593725/thumb-1765423445885-ppv.png.webp
[Service] Using relative path for Supabase: 7253e7c3-2413-49bd-971d-aa687a593725/thumb-1765423445885-ppv.png.webp
[Model] Successfully found content for id=52.
[Service] Found content: PPV Post (Creator ID: 7253e7c3-2413-49bd-971d-aa687a593725)
[Service] User is the owner. Granting access.
[Service] Full thumbnail URL from DB: 7253e7c3-2413-49bd-971d-aa687a593725/thumb-1765423609788-ppv.png.webp
[Service] Path from DB: 7253e7c3-2413-49bd-971d-aa687a593725/thumb-1765423609788-ppv.png.webp
[Service] Using relative path for Supabase: 7253e7c3-2413-49bd-971d-aa687a593725/thumb-1765423609788-ppv.png.webp
[Model] Successfully found content for id=49.
[Service] Found content: Test Post Title (Creator ID: 7253e7c3-2413-49bd-971d-aa687a593725)
[Service] User is the owner. Granting access.
[Service] Full thumbnail URL from DB: 7253e7c3-2413-49bd-971d-aa687a593725/thumb-1765423445603-test.png.webp
[Service] Path from DB: 7253e7c3-2413-49bd-971d-aa687a593725/thumb-1765423445603-test.png.webp
[Service] Using relative path for Supabase: 7253e7c3-2413-49bd-971d-aa687a593725/thumb-1765423445603-test.png.webp
[Model] Successfully found content for id=53.
[Service] Found content: Test Post Title (Creator ID: 7253e7c3-2413-49bd-971d-aa687a593725)
[Service] User is the owner. Granting access.
[Service] Full thumbnail URL from DB: 7253e7c3-2413-49bd-971d-aa687a593725/thumb-1765423732159-test.png.webp
[Service] Path from DB: 7253e7c3-2413-49bd-971d-aa687a593725/thumb-1765423732159-test.png.webp
[Service] Using relative path for Supabase: 7253e7c3-2413-49bd-971d-aa687a593725/thumb-1765423732159-test.png.webp
[Model] Successfully found content for id=50.
[Service] Found content: PPV Post (Creator ID: 7253e7c3-2413-49bd-971d-aa687a593725)
[Service] User is the owner. Granting access.
[Service] Full thumbnail URL from DB: 7253e7c3-2413-49bd-971d-aa687a593725/thumb-1765423445885-ppv.png.webp
[Service] Path from DB: 7253e7c3-2413-49bd-971d-aa687a593725/thumb-1765423445885-ppv.png.webp
[Service] Using relative path for Supabase: 7253e7c3-2413-49bd-971d-aa687a593725/thumb-1765423445885-ppv.png.webp
[Model] Successfully found content for id=49.
[Service] Found content: Test Post Title (Creator ID: 7253e7c3-2413-49bd-971d-aa687a593725)
[Service] User is the owner. Granting access.
[Service] Full thumbnail URL from DB: 7253e7c3-2413-49bd-971d-aa687a593725/thumb-1765423445603-test.png.webp
[Service] Path from DB: 7253e7c3-2413-49bd-971d-aa687a593725/thumb-1765423445603-test.png.webp
[Service] Using relative path for Supabase: 7253e7c3-2413-49bd-971d-aa687a593725/thumb-1765423445603-test.png.webp
[Model] Successfully found content for id=51.
[Service] Found content: Test Post Title (Creator ID: 7253e7c3-2413-49bd-971d-aa687a593725)
[Service] User is the owner. Granting access.
[Service] Full thumbnail URL from DB: 7253e7c3-2413-49bd-971d-aa687a593725/thumb-1765423609765-test.png.webp
[Service] Path from DB: 7253e7c3-2413-49bd-971d-aa687a593725/thumb-1765423609765-test.png.webp
[Service] Using relative path for Supabase: 7253e7c3-2413-49bd-971d-aa687a593725/thumb-1765423609765-test.png.webp
[Service] Generated signed URL successfully for path "7253e7c3-2413-49bd-971d-aa687a593725/thumb-1765423732159-test.png.webp"
[Controller] Successfully generated secure URL for contentId="53"
[Service] Generated signed URL successfully for path "7253e7c3-2413-49bd-971d-aa687a593725/thumb-1765423732172-ppv.png.webp"
[Controller] Successfully generated secure URL for contentId="54"
[Service] Generated signed URL successfully for path "7253e7c3-2413-49bd-971d-aa687a593725/thumb-1765423732172-ppv.png.webp"
[Controller] Successfully generated secure URL for contentId="54"
[Service] Generated signed URL successfully for path "7253e7c3-2413-49bd-971d-aa687a593725/thumb-1765423609788-ppv.png.webp"
[Controller] Successfully generated secure URL for contentId="52"
[Service] Generated signed URL successfully for path "7253e7c3-2413-49bd-971d-aa687a593725/thumb-1765423609765-test.png.webp"
[Controller] Successfully generated secure URL for contentId="51"
[Service] Generated signed URL successfully for path "7253e7c3-2413-49bd-971d-aa687a593725/thumb-1765423445885-ppv.png.webp"
[Controller] Successfully generated secure URL for contentId="50"
[Service] Generated signed URL successfully for path "7253e7c3-2413-49bd-971d-aa687a593725/thumb-1765423609788-ppv.png.webp"
[Controller] Successfully generated secure URL for contentId="52"
[Service] Generated signed URL successfully for path "7253e7c3-2413-49bd-971d-aa687a593725/thumb-1765423732159-test.png.webp"
[Controller] Successfully generated secure URL for contentId="53"
[Service] Generated signed URL successfully for path "7253e7c3-2413-49bd-971d-aa687a593725/thumb-1765423445603-test.png.webp"
[Controller] Successfully generated secure URL for contentId="49"
[Service] Generated signed URL successfully for path "7253e7c3-2413-49bd-971d-aa687a593725/thumb-1765423445885-ppv.png.webp"
[Controller] Successfully generated secure URL for contentId="50"
[Service] Generated signed URL successfully for path "7253e7c3-2413-49bd-971d-aa687a593725/thumb-1765423609765-test.png.webp"
[Controller] Successfully generated secure URL for contentId="51"
[Controller] getSecureContentUrl: Request for contentId="48" by userId="7253e7c3-2413-49bd-971d-aa687a593725"
[Service] getSecureUrlForThumbnail: Verifying access for userId="7253e7c3-2413-49bd-971d-aa687a593725" to contentId="48"
[Model] findContentById: Querying database for content with id=48
[Controller] getSecureContentUrl: Request for contentId="47" by userId="7253e7c3-2413-49bd-971d-aa687a593725"
[Service] getSecureUrlForThumbnail: Verifying access for userId="7253e7c3-2413-49bd-971d-aa687a593725" to contentId="47"
[Model] findContentById: Querying database for content with id=47
[Controller] getSecureContentUrl: Request for contentId="48" by userId="7253e7c3-2413-49bd-971d-aa687a593725"
[Service] getSecureUrlForThumbnail: Verifying access for userId="7253e7c3-2413-49bd-971d-aa687a593725" to contentId="48"
[Model] findContentById: Querying database for content with id=48
[Controller] getSecureContentUrl: Request for contentId="47" by userId="7253e7c3-2413-49bd-971d-aa687a593725"
[Service] getSecureUrlForThumbnail: Verifying access for userId="7253e7c3-2413-49bd-971d-aa687a593725" to contentId="47"
[Model] findContentById: Querying database for content with id=47
[Controller] getSecureContentUrl: Request for contentId="46" by userId="7253e7c3-2413-49bd-971d-aa687a593725"
[Service] getSecureUrlForThumbnail: Verifying access for userId="7253e7c3-2413-49bd-971d-aa687a593725" to contentId="46"
[Model] findContentById: Querying database for content with id=46
[Controller] getSecureContentUrl: Request for contentId="46" by userId="7253e7c3-2413-49bd-971d-aa687a593725"
[Service] getSecureUrlForThumbnail: Verifying access for userId="7253e7c3-2413-49bd-971d-aa687a593725" to contentId="46"
[Model] findContentById: Querying database for content with id=46
[Controller] getSecureContentUrl: Request for contentId="45" by userId="7253e7c3-2413-49bd-971d-aa687a593725"
[Service] getSecureUrlForThumbnail: Verifying access for userId="7253e7c3-2413-49bd-971d-aa687a593725" to contentId="45"
[Model] findContentById: Querying database for content with id=45
[Controller] getSecureContentUrl: Request for contentId="44" by userId="7253e7c3-2413-49bd-971d-aa687a593725"
[Service] getSecureUrlForThumbnail: Verifying access for userId="7253e7c3-2413-49bd-971d-aa687a593725" to contentId="44"
[Model] findContentById: Querying database for content with id=44
[Controller] getSecureContentUrl: Request for contentId="43" by userId="7253e7c3-2413-49bd-971d-aa687a593725"
[Service] getSecureUrlForThumbnail: Verifying access for userId="7253e7c3-2413-49bd-971d-aa687a593725" to contentId="43"
[Model] findContentById: Querying database for content with id=43
[Controller] getSecureContentUrl: Request for contentId="45" by userId="7253e7c3-2413-49bd-971d-aa687a593725"
[Service] getSecureUrlForThumbnail: Verifying access for userId="7253e7c3-2413-49bd-971d-aa687a593725" to contentId="45"
[Model] findContentById: Querying database for content with id=45
[Controller] getSecureContentUrl: Request for contentId="44" by userId="7253e7c3-2413-49bd-971d-aa687a593725"
[Service] getSecureUrlForThumbnail: Verifying access for userId="7253e7c3-2413-49bd-971d-aa687a593725" to contentId="44"
[Model] findContentById: Querying database for content with id=44
[Model] Successfully found content for id=48.
[Service] Found content: Test Post Title (Creator ID: 7253e7c3-2413-49bd-971d-aa687a593725)
[Service] User is the owner. Granting access.
[Service] Full thumbnail URL from DB: 7253e7c3-2413-49bd-971d-aa687a593725/thumb-1765423277553-test.png.webp
[Service] Path from DB: 7253e7c3-2413-49bd-971d-aa687a593725/thumb-1765423277553-test.png.webp
[Service] Using relative path for Supabase: 7253e7c3-2413-49bd-971d-aa687a593725/thumb-1765423277553-test.png.webp
[Model] Successfully found content for id=47.
[Service] Found content: Test Post Title (Creator ID: 7253e7c3-2413-49bd-971d-aa687a593725)
[Service] User is the owner. Granting access.
[Service] Full thumbnail URL from DB: 7253e7c3-2413-49bd-971d-aa687a593725/thumb-1765420800481-test.png.webp
[Service] Path from DB: 7253e7c3-2413-49bd-971d-aa687a593725/thumb-1765420800481-test.png.webp
[Service] Using relative path for Supabase: 7253e7c3-2413-49bd-971d-aa687a593725/thumb-1765420800481-test.png.webp
[Model] Successfully found content for id=48.
[Service] Found content: Test Post Title (Creator ID: 7253e7c3-2413-49bd-971d-aa687a593725)
[Service] User is the owner. Granting access.
[Service] Full thumbnail URL from DB: 7253e7c3-2413-49bd-971d-aa687a593725/thumb-1765423277553-test.png.webp
[Service] Path from DB: 7253e7c3-2413-49bd-971d-aa687a593725/thumb-1765423277553-test.png.webp
[Service] Using relative path for Supabase: 7253e7c3-2413-49bd-971d-aa687a593725/thumb-1765423277553-test.png.webp
[Model] Successfully found content for id=47.
[Service] Found content: Test Post Title (Creator ID: 7253e7c3-2413-49bd-971d-aa687a593725)
[Service] User is the owner. Granting access.
[Service] Full thumbnail URL from DB: 7253e7c3-2413-49bd-971d-aa687a593725/thumb-1765420800481-test.png.webp
[Service] Path from DB: 7253e7c3-2413-49bd-971d-aa687a593725/thumb-1765420800481-test.png.webp
[Service] Using relative path for Supabase: 7253e7c3-2413-49bd-971d-aa687a593725/thumb-1765420800481-test.png.webp
[Model] Successfully found content for id=46.
[Service] Found content: PPV Post (Creator ID: 7253e7c3-2413-49bd-971d-aa687a593725)
[Service] User is the owner. Granting access.
[Service] Full thumbnail URL from DB: 7253e7c3-2413-49bd-971d-aa687a593725/thumb-1765420292932-ppv.png.webp
[Service] Path from DB: 7253e7c3-2413-49bd-971d-aa687a593725/thumb-1765420292932-ppv.png.webp
[Service] Using relative path for Supabase: 7253e7c3-2413-49bd-971d-aa687a593725/thumb-1765420292932-ppv.png.webp
[Model] Successfully found content for id=46.
[Service] Found content: PPV Post (Creator ID: 7253e7c3-2413-49bd-971d-aa687a593725)
[Service] User is the owner. Granting access.
[Service] Full thumbnail URL from DB: 7253e7c3-2413-49bd-971d-aa687a593725/thumb-1765420292932-ppv.png.webp
[Service] Path from DB: 7253e7c3-2413-49bd-971d-aa687a593725/thumb-1765420292932-ppv.png.webp
[Service] Using relative path for Supabase: 7253e7c3-2413-49bd-971d-aa687a593725/thumb-1765420292932-ppv.png.webp
[Model] Successfully found content for id=45.
[Service] Found content: Test Post Title (Creator ID: 7253e7c3-2413-49bd-971d-aa687a593725)
[Service] User is the owner. Granting access.
[Service] Full thumbnail URL from DB: 7253e7c3-2413-49bd-971d-aa687a593725/thumb-1765420292423-test.png.webp
[Service] Path from DB: 7253e7c3-2413-49bd-971d-aa687a593725/thumb-1765420292423-test.png.webp
[Service] Using relative path for Supabase: 7253e7c3-2413-49bd-971d-aa687a593725/thumb-1765420292423-test.png.webp
[Service] Generated signed URL successfully for path "7253e7c3-2413-49bd-971d-aa687a593725/thumb-1765423445603-test.png.webp"
[Controller] Successfully generated secure URL for contentId="49"
[Model] Successfully found content for id=44.
[Service] Found content: Test Post Title (Creator ID: 7253e7c3-2413-49bd-971d-aa687a593725)
[Service] User is the owner. Granting access.
[Service] Full thumbnail URL from DB: 7253e7c3-2413-49bd-971d-aa687a593725/thumb-1765420154355-test.png.webp
[Service] Path from DB: 7253e7c3-2413-49bd-971d-aa687a593725/thumb-1765420154355-test.png.webp
[Service] Using relative path for Supabase: 7253e7c3-2413-49bd-971d-aa687a593725/thumb-1765420154355-test.png.webp
[Model] Successfully found content for id=43.
[Service] Found content: PPV Post (Creator ID: 7253e7c3-2413-49bd-971d-aa687a593725)
[Service] User is the owner. Granting access.
[Service] Full thumbnail URL from DB: 7253e7c3-2413-49bd-971d-aa687a593725/thumb-1765420154367-ppv.png.webp
[Service] Path from DB: 7253e7c3-2413-49bd-971d-aa687a593725/thumb-1765420154367-ppv.png.webp
[Service] Using relative path for Supabase: 7253e7c3-2413-49bd-971d-aa687a593725/thumb-1765420154367-ppv.png.webp
[Model] Successfully found content for id=45.
[Service] Found content: Test Post Title (Creator ID: 7253e7c3-2413-49bd-971d-aa687a593725)
[Service] User is the owner. Granting access.
[Service] Full thumbnail URL from DB: 7253e7c3-2413-49bd-971d-aa687a593725/thumb-1765420292423-test.png.webp
[Service] Path from DB: 7253e7c3-2413-49bd-971d-aa687a593725/thumb-1765420292423-test.png.webp
[Service] Using relative path for Supabase: 7253e7c3-2413-49bd-971d-aa687a593725/thumb-1765420292423-test.png.webp
[Model] Successfully found content for id=44.
[Service] Found content: Test Post Title (Creator ID: 7253e7c3-2413-49bd-971d-aa687a593725)
[Service] User is the owner. Granting access.
[Service] Full thumbnail URL from DB: 7253e7c3-2413-49bd-971d-aa687a593725/thumb-1765420154355-test.png.webp
[Service] Path from DB: 7253e7c3-2413-49bd-971d-aa687a593725/thumb-1765420154355-test.png.webp
[Service] Using relative path for Supabase: 7253e7c3-2413-49bd-971d-aa687a593725/thumb-1765420154355-test.png.webp
[Service] Generated signed URL successfully for path "7253e7c3-2413-49bd-971d-aa687a593725/thumb-1765423277553-test.png.webp"
[Controller] Successfully generated secure URL for contentId="48"
[Service] Generated signed URL successfully for path "7253e7c3-2413-49bd-971d-aa687a593725/thumb-1765420800481-test.png.webp"
[Controller] Successfully generated secure URL for contentId="47"
[Service] Generated signed URL successfully for path "7253e7c3-2413-49bd-971d-aa687a593725/thumb-1765420800481-test.png.webp"
[Controller] Successfully generated secure URL for contentId="47"
[Service] Generated signed URL successfully for path "7253e7c3-2413-49bd-971d-aa687a593725/thumb-1765420292932-ppv.png.webp"
[Controller] Successfully generated secure URL for contentId="46"
[Service] Generated signed URL successfully for path "7253e7c3-2413-49bd-971d-aa687a593725/thumb-1765420292932-ppv.png.webp"
[Controller] Successfully generated secure URL for contentId="46"
[Service] Generated signed URL successfully for path "7253e7c3-2413-49bd-971d-aa687a593725/thumb-1765420154355-test.png.webp"
[Controller] Successfully generated secure URL for contentId="44"
[Service] Generated signed URL successfully for path "7253e7c3-2413-49bd-971d-aa687a593725/thumb-1765423277553-test.png.webp"
[Controller] Successfully generated secure URL for contentId="48"
[Service] Generated signed URL successfully for path "7253e7c3-2413-49bd-971d-aa687a593725/thumb-1765420292423-test.png.webp"
[Controller] Successfully generated secure URL for contentId="45"
[Service] Generated signed URL successfully for path "7253e7c3-2413-49bd-971d-aa687a593725/thumb-1765420154367-ppv.png.webp"
[Controller] Successfully generated secure URL for contentId="43"
[Service] Generated signed URL successfully for path "7253e7c3-2413-49bd-971d-aa687a593725/thumb-1765420292423-test.png.webp"
[Controller] Successfully generated secure URL for contentId="45"
[Service] Generated signed URL successfully for path "7253e7c3-2413-49bd-971d-aa687a593725/thumb-1765420154355-test.png.webp"
[Controller] Successfully generated secure URL for contentId="44"
[CreatorOnly] Checking user role...
[CreatorOnly] req.user.role: creator
[CreatorOnly] req.originalUser: none
[CreatorOnly] Access granted. isCreator: true, isAdminImpersonatingCreator: undefined
[CreatorOnly] Checking user role...
[CreatorOnly] req.user.role: creator
[CreatorOnly] req.originalUser: none
[CreatorOnly] Access granted. isCreator: true, isAdminImpersonatingCreator: undefined
[CreatorOnly] Checking user role...
[CreatorOnly] req.user.role: creator
[CreatorOnly] req.originalUser: none
[CreatorOnly] Access granted. isCreator: true, isAdminImpersonatingCreator: undefined
[CreatorOnly] Checking user role...
[CreatorOnly] req.user.role: creator
[CreatorOnly] req.originalUser: none
[CreatorOnly] Access granted. isCreator: true, isAdminImpersonatingCreator: undefined
[CreatorOnly] Checking user role...
[CreatorOnly] req.user.role: creator
[CreatorOnly] req.originalUser: none
[CreatorOnly] Access granted. isCreator: true, isAdminImpersonatingCreator: undefined
[Controller] createContent: Processing request body: {
  title: 'Test Post Title',
  description: 'Test Description',
  type: 'photo',
  visibility: 'subscribers_only',
  price: undefined,
  tags: undefined,
  scheduleIsScheduled: false,
  schedulePublishDate: undefined
}
[Controller] createContent: Files received: 1
[CreatorOnly] Checking user role...
[CreatorOnly] req.user.role: creator
[CreatorOnly] req.originalUser: none
[CreatorOnly] Access granted. isCreator: true, isAdminImpersonatingCreator: undefined
[Controller] getMyContent: Fetching content for creatorId=7253e7c3-2413-49bd-971d-aa687a593725
[Controller] getMyContent: Found 30 items
[Controller] getMyContent: Titles: PPV Post, Test Post Title, PPV Post, Test Post Title, PPV Post, Test Post Title, Test Post Title, Test Post Title, PPV Post, Test Post Title, Test Post Title, PPV Post, Test Post Title, PPV Post, PPV Post, Test Post Title, Exclusive Video, Welcome to my page!, Exclusive Video, Welcome to my page!, Exclusive Video, Welcome to my page!, Exclusive Video, Welcome to my page!, Exclusive Video, Welcome to my page!, Exclusive Video, Welcome to my page!, Exclusive Video, Welcome to my page!
[Controller] First Item Full: {
  "id": 54,
  "creator_id": "7253e7c3-2413-49bd-971d-aa687a593725",
  "title": "PPV Post",
  "description": "",
  "type": "photo",
  "files": [
    {
      "id": "1765423732172-ppv.png",
      "url": "7253e7c3-2413-49bd-971d-aa687a593725/1765423732172-ppv.png",
      "size": 70,
      "mimeType": "image/png",
      "thumbnailUrl": "7253e7c3-2413-49bd-971d-aa687a593725/thumb-1765423732172-ppv.png.webp"
    }
  ],
  "visibility": "pay_per_view",
  "price": 500,
  "tags": null,
  "stats": {
    "tips": 0,
    "views": 0,
    "galleryAdds": 0
  },
  "schedule": {
    "isScheduled": false
  },
  "status": "published",
  "created_at": "2025-12-11T03:28:52.834851+00:00",
  "updated_at": "2025-12-11T03:28:52.834851+00:00",
  "min_tier_level": 1,
  "_id": "54",
  "minTierLevel": 1
}
[Controller] getSecureContentUrl: Request for contentId="54" by userId="7253e7c3-2413-49bd-971d-aa687a593725"
[Service] getSecureUrlForThumbnail: Verifying access for userId="7253e7c3-2413-49bd-971d-aa687a593725" to contentId="54"
[Model] findContentById: Querying database for content with id=54
[Controller] getSecureContentUrl: Request for contentId="53" by userId="7253e7c3-2413-49bd-971d-aa687a593725"
[Service] getSecureUrlForThumbnail: Verifying access for userId="7253e7c3-2413-49bd-971d-aa687a593725" to contentId="53"
[Model] findContentById: Querying database for content with id=53
[Controller] getSecureContentUrl: Request for contentId="50" by userId="7253e7c3-2413-49bd-971d-aa687a593725"
[Service] getSecureUrlForThumbnail: Verifying access for userId="7253e7c3-2413-49bd-971d-aa687a593725" to contentId="50"
[Model] findContentById: Querying database for content with id=50
[Controller] getSecureContentUrl: Request for contentId="51" by userId="7253e7c3-2413-49bd-971d-aa687a593725"
[Service] getSecureUrlForThumbnail: Verifying access for userId="7253e7c3-2413-49bd-971d-aa687a593725" to contentId="51"
[Model] findContentById: Querying database for content with id=51
[Controller] getSecureContentUrl: Request for contentId="52" by userId="7253e7c3-2413-49bd-971d-aa687a593725"
[Service] getSecureUrlForThumbnail: Verifying access for userId="7253e7c3-2413-49bd-971d-aa687a593725" to contentId="52"
[Model] findContentById: Querying database for content with id=52
[Model] Successfully found content for id=54.
[Service] Found content: PPV Post (Creator ID: 7253e7c3-2413-49bd-971d-aa687a593725)
[Service] User is the owner. Granting access.
[Service] Full thumbnail URL from DB: 7253e7c3-2413-49bd-971d-aa687a593725/thumb-1765423732172-ppv.png.webp
[Service] Path from DB: 7253e7c3-2413-49bd-971d-aa687a593725/thumb-1765423732172-ppv.png.webp
[Service] Using relative path for Supabase: 7253e7c3-2413-49bd-971d-aa687a593725/thumb-1765423732172-ppv.png.webp
[CreatorOnly] Checking user role...
[CreatorOnly] req.user.role: creator
[CreatorOnly] req.originalUser: none
[CreatorOnly] Access granted. isCreator: true, isAdminImpersonatingCreator: undefined
[CreatorOnly] Checking user role...
[CreatorOnly] req.user.role: creator
[CreatorOnly] req.originalUser: none
[CreatorOnly] Access granted. isCreator: true, isAdminImpersonatingCreator: undefined
[Controller] getMyContent: Fetching content for creatorId=7253e7c3-2413-49bd-971d-aa687a593725
[Model] Successfully found content for id=50.
[Service] Found content: PPV Post (Creator ID: 7253e7c3-2413-49bd-971d-aa687a593725)
[Service] User is the owner. Granting access.
[Service] Full thumbnail URL from DB: 7253e7c3-2413-49bd-971d-aa687a593725/thumb-1765423445885-ppv.png.webp
[Service] Path from DB: 7253e7c3-2413-49bd-971d-aa687a593725/thumb-1765423445885-ppv.png.webp
[Service] Using relative path for Supabase: 7253e7c3-2413-49bd-971d-aa687a593725/thumb-1765423445885-ppv.png.webp
[Model] Successfully found content for id=53.
[Service] Found content: Test Post Title (Creator ID: 7253e7c3-2413-49bd-971d-aa687a593725)
[Service] User is the owner. Granting access.
[Service] Full thumbnail URL from DB: 7253e7c3-2413-49bd-971d-aa687a593725/thumb-1765423732159-test.png.webp
[Service] Path from DB: 7253e7c3-2413-49bd-971d-aa687a593725/thumb-1765423732159-test.png.webp
[Service] Using relative path for Supabase: 7253e7c3-2413-49bd-971d-aa687a593725/thumb-1765423732159-test.png.webp
[Model] Successfully found content for id=51.
[Service] Found content: Test Post Title (Creator ID: 7253e7c3-2413-49bd-971d-aa687a593725)
[Service] User is the owner. Granting access.
[Service] Full thumbnail URL from DB: 7253e7c3-2413-49bd-971d-aa687a593725/thumb-1765423609765-test.png.webp
[Service] Path from DB: 7253e7c3-2413-49bd-971d-aa687a593725/thumb-1765423609765-test.png.webp
[Service] Using relative path for Supabase: 7253e7c3-2413-49bd-971d-aa687a593725/thumb-1765423609765-test.png.webp
[Model] Successfully found content for id=52.
[Service] Found content: PPV Post (Creator ID: 7253e7c3-2413-49bd-971d-aa687a593725)
[Service] User is the owner. Granting access.
[Service] Full thumbnail URL from DB: 7253e7c3-2413-49bd-971d-aa687a593725/thumb-1765423609788-ppv.png.webp
[Service] Path from DB: 7253e7c3-2413-49bd-971d-aa687a593725/thumb-1765423609788-ppv.png.webp
[Service] Using relative path for Supabase: 7253e7c3-2413-49bd-971d-aa687a593725/thumb-1765423609788-ppv.png.webp
[Controller] getMyContent: Found 30 items
[Controller] getMyContent: Titles: PPV Post, Test Post Title, PPV Post, Test Post Title, PPV Post, Test Post Title, Test Post Title, Test Post Title, PPV Post, Test Post Title, Test Post Title, PPV Post, Test Post Title, PPV Post, PPV Post, Test Post Title, Exclusive Video, Welcome to my page!, Exclusive Video, Welcome to my page!, Exclusive Video, Welcome to my page!, Exclusive Video, Welcome to my page!, Exclusive Video, Welcome to my page!, Exclusive Video, Welcome to my page!, Exclusive Video, Welcome to my page!
[Controller] First Item Full: {
  "id": 54,
  "creator_id": "7253e7c3-2413-49bd-971d-aa687a593725",
  "title": "PPV Post",
  "description": "",
  "type": "photo",
  "files": [
    {
      "id": "1765423732172-ppv.png",
      "url": "7253e7c3-2413-49bd-971d-aa687a593725/1765423732172-ppv.png",
      "size": 70,
      "mimeType": "image/png",
      "thumbnailUrl": "7253e7c3-2413-49bd-971d-aa687a593725/thumb-1765423732172-ppv.png.webp"
    }
  ],
  "visibility": "pay_per_view",
  "price": 500,
  "tags": null,
  "stats": {
    "tips": 0,
    "views": 0,
    "galleryAdds": 0
  },
  "schedule": {
    "isScheduled": false
  },
  "status": "published",
  "created_at": "2025-12-11T03:28:52.834851+00:00",
  "updated_at": "2025-12-11T03:28:52.834851+00:00",
  "min_tier_level": 1,
  "_id": "54",
  "minTierLevel": 1
}
[Service] Generated signed URL successfully for path "7253e7c3-2413-49bd-971d-aa687a593725/thumb-1765423732172-ppv.png.webp"
[Controller] Successfully generated secure URL for contentId="54"
[Service] Generated signed URL successfully for path "7253e7c3-2413-49bd-971d-aa687a593725/thumb-1765423609788-ppv.png.webp"
[Controller] Successfully generated secure URL for contentId="52"
[Service] Generated signed URL successfully for path "7253e7c3-2413-49bd-971d-aa687a593725/thumb-1765423732159-test.png.webp"
[Controller] Successfully generated secure URL for contentId="53"
[Service] Generated signed URL successfully for path "7253e7c3-2413-49bd-971d-aa687a593725/thumb-1765423609765-test.png.webp"
[Controller] Successfully generated secure URL for contentId="51"
[Service] Generated signed URL successfully for path "7253e7c3-2413-49bd-971d-aa687a593725/thumb-1765423445885-ppv.png.webp"
[Controller] Successfully generated secure URL for contentId="50"
[Controller] getSecureContentUrl: Request for contentId="49" by userId="7253e7c3-2413-49bd-971d-aa687a593725"
[Service] getSecureUrlForThumbnail: Verifying access for userId="7253e7c3-2413-49bd-971d-aa687a593725" to contentId="49"
[Model] findContentById: Querying database for content with id=49
[Controller] getSecureContentUrl: Request for contentId="53" by userId="7253e7c3-2413-49bd-971d-aa687a593725"
[Service] getSecureUrlForThumbnail: Verifying access for userId="7253e7c3-2413-49bd-971d-aa687a593725" to contentId="53"
[Model] findContentById: Querying database for content with id=53
[Controller] getSecureContentUrl: Request for contentId="48" by userId="7253e7c3-2413-49bd-971d-aa687a593725"
[Service] getSecureUrlForThumbnail: Verifying access for userId="7253e7c3-2413-49bd-971d-aa687a593725" to contentId="48"
[Model] findContentById: Querying database for content with id=48
[Controller] getSecureContentUrl: Request for contentId="47" by userId="7253e7c3-2413-49bd-971d-aa687a593725"
[Service] getSecureUrlForThumbnail: Verifying access for userId="7253e7c3-2413-49bd-971d-aa687a593725" to contentId="47"
[Model] findContentById: Querying database for content with id=47
[Model] Successfully found content for id=49.
[Service] Found content: Test Post Title (Creator ID: 7253e7c3-2413-49bd-971d-aa687a593725)
[Service] User is the owner. Granting access.
[Service] Full thumbnail URL from DB: 7253e7c3-2413-49bd-971d-aa687a593725/thumb-1765423445603-test.png.webp
[Service] Path from DB: 7253e7c3-2413-49bd-971d-aa687a593725/thumb-1765423445603-test.png.webp
[Service] Using relative path for Supabase: 7253e7c3-2413-49bd-971d-aa687a593725/thumb-1765423445603-test.png.webp
[Controller] getSecureContentUrl: Request for contentId="46" by userId="7253e7c3-2413-49bd-971d-aa687a593725"
[Service] getSecureUrlForThumbnail: Verifying access for userId="7253e7c3-2413-49bd-971d-aa687a593725" to contentId="46"
[Model] findContentById: Querying database for content with id=46
[Controller] getSecureContentUrl: Request for contentId="52" by userId="7253e7c3-2413-49bd-971d-aa687a593725"
[Service] getSecureUrlForThumbnail: Verifying access for userId="7253e7c3-2413-49bd-971d-aa687a593725" to contentId="52"
[Model] findContentById: Querying database for content with id=52
[Controller] getSecureContentUrl: Request for contentId="54" by userId="7253e7c3-2413-49bd-971d-aa687a593725"
[Service] getSecureUrlForThumbnail: Verifying access for userId="7253e7c3-2413-49bd-971d-aa687a593725" to contentId="54"
[Model] findContentById: Querying database for content with id=54
[Controller] getSecureContentUrl: Request for contentId="50" by userId="7253e7c3-2413-49bd-971d-aa687a593725"
[Service] getSecureUrlForThumbnail: Verifying access for userId="7253e7c3-2413-49bd-971d-aa687a593725" to contentId="50"
[Model] findContentById: Querying database for content with id=50
[Controller] getSecureContentUrl: Request for contentId="51" by userId="7253e7c3-2413-49bd-971d-aa687a593725"
[Service] getSecureUrlForThumbnail: Verifying access for userId="7253e7c3-2413-49bd-971d-aa687a593725" to contentId="51"
[Model] findContentById: Querying database for content with id=51
[Controller] getSecureContentUrl: Request for contentId="49" by userId="7253e7c3-2413-49bd-971d-aa687a593725"
[Service] getSecureUrlForThumbnail: Verifying access for userId="7253e7c3-2413-49bd-971d-aa687a593725" to contentId="49"
[Model] findContentById: Querying database for content with id=49
[Controller] getSecureContentUrl: Request for contentId="45" by userId="7253e7c3-2413-49bd-971d-aa687a593725"
[Service] getSecureUrlForThumbnail: Verifying access for userId="7253e7c3-2413-49bd-971d-aa687a593725" to contentId="45"
[Model] findContentById: Querying database for content with id=45
[Model] Successfully found content for id=53.
[Service] Found content: Test Post Title (Creator ID: 7253e7c3-2413-49bd-971d-aa687a593725)
[Service] User is the owner. Granting access.
[Service] Full thumbnail URL from DB: 7253e7c3-2413-49bd-971d-aa687a593725/thumb-1765423732159-test.png.webp
[Service] Path from DB: 7253e7c3-2413-49bd-971d-aa687a593725/thumb-1765423732159-test.png.webp
[Service] Using relative path for Supabase: 7253e7c3-2413-49bd-971d-aa687a593725/thumb-1765423732159-test.png.webp
[Model] Successfully found content for id=48.
[Service] Found content: Test Post Title (Creator ID: 7253e7c3-2413-49bd-971d-aa687a593725)
[Service] User is the owner. Granting access.
[Service] Full thumbnail URL from DB: 7253e7c3-2413-49bd-971d-aa687a593725/thumb-1765423277553-test.png.webp
[Service] Path from DB: 7253e7c3-2413-49bd-971d-aa687a593725/thumb-1765423277553-test.png.webp
[Service] Using relative path for Supabase: 7253e7c3-2413-49bd-971d-aa687a593725/thumb-1765423277553-test.png.webp
[Model] Successfully found content for id=47.
[Service] Found content: Test Post Title (Creator ID: 7253e7c3-2413-49bd-971d-aa687a593725)
[Service] User is the owner. Granting access.
[Service] Full thumbnail URL from DB: 7253e7c3-2413-49bd-971d-aa687a593725/thumb-1765420800481-test.png.webp
[Service] Path from DB: 7253e7c3-2413-49bd-971d-aa687a593725/thumb-1765420800481-test.png.webp
[Service] Using relative path for Supabase: 7253e7c3-2413-49bd-971d-aa687a593725/thumb-1765420800481-test.png.webp
[Model] Successfully found content for id=46.
[Service] Found content: PPV Post (Creator ID: 7253e7c3-2413-49bd-971d-aa687a593725)
[Service] User is the owner. Granting access.
[Service] Full thumbnail URL from DB: 7253e7c3-2413-49bd-971d-aa687a593725/thumb-1765420292932-ppv.png.webp
[Service] Path from DB: 7253e7c3-2413-49bd-971d-aa687a593725/thumb-1765420292932-ppv.png.webp
[Service] Using relative path for Supabase: 7253e7c3-2413-49bd-971d-aa687a593725/thumb-1765420292932-ppv.png.webp
[Model] Successfully found content for id=52.
[Service] Found content: PPV Post (Creator ID: 7253e7c3-2413-49bd-971d-aa687a593725)
[Service] User is the owner. Granting access.
[Service] Full thumbnail URL from DB: 7253e7c3-2413-49bd-971d-aa687a593725/thumb-1765423609788-ppv.png.webp
[Service] Path from DB: 7253e7c3-2413-49bd-971d-aa687a593725/thumb-1765423609788-ppv.png.webp
[Service] Using relative path for Supabase: 7253e7c3-2413-49bd-971d-aa687a593725/thumb-1765423609788-ppv.png.webp
[Model] Successfully found content for id=54.
[Service] Found content: PPV Post (Creator ID: 7253e7c3-2413-49bd-971d-aa687a593725)
[Service] User is the owner. Granting access.
[Service] Full thumbnail URL from DB: 7253e7c3-2413-49bd-971d-aa687a593725/thumb-1765423732172-ppv.png.webp
[Service] Path from DB: 7253e7c3-2413-49bd-971d-aa687a593725/thumb-1765423732172-ppv.png.webp
[Service] Using relative path for Supabase: 7253e7c3-2413-49bd-971d-aa687a593725/thumb-1765423732172-ppv.png.webp
[Model] Successfully found content for id=50.
[Service] Found content: PPV Post (Creator ID: 7253e7c3-2413-49bd-971d-aa687a593725)
[Service] User is the owner. Granting access.
[Service] Full thumbnail URL from DB: 7253e7c3-2413-49bd-971d-aa687a593725/thumb-1765423445885-ppv.png.webp
[Service] Path from DB: 7253e7c3-2413-49bd-971d-aa687a593725/thumb-1765423445885-ppv.png.webp
[Service] Using relative path for Supabase: 7253e7c3-2413-49bd-971d-aa687a593725/thumb-1765423445885-ppv.png.webp
[Model] Successfully found content for id=51.
[Service] Found content: Test Post Title (Creator ID: 7253e7c3-2413-49bd-971d-aa687a593725)
[Service] User is the owner. Granting access.
[Service] Full thumbnail URL from DB: 7253e7c3-2413-49bd-971d-aa687a593725/thumb-1765423609765-test.png.webp
[Service] Path from DB: 7253e7c3-2413-49bd-971d-aa687a593725/thumb-1765423609765-test.png.webp
[Service] Using relative path for Supabase: 7253e7c3-2413-49bd-971d-aa687a593725/thumb-1765423609765-test.png.webp
[Service] Generated signed URL successfully for path "7253e7c3-2413-49bd-971d-aa687a593725/thumb-1765423445603-test.png.webp"
[Controller] Successfully generated secure URL for contentId="49"
[Model] Successfully found content for id=49.
[Service] Found content: Test Post Title (Creator ID: 7253e7c3-2413-49bd-971d-aa687a593725)
[Service] User is the owner. Granting access.
[Service] Full thumbnail URL from DB: 7253e7c3-2413-49bd-971d-aa687a593725/thumb-1765423445603-test.png.webp
[Service] Path from DB: 7253e7c3-2413-49bd-971d-aa687a593725/thumb-1765423445603-test.png.webp
[Service] Using relative path for Supabase: 7253e7c3-2413-49bd-971d-aa687a593725/thumb-1765423445603-test.png.webp
[Model] Successfully found content for id=45.
[Service] Found content: Test Post Title (Creator ID: 7253e7c3-2413-49bd-971d-aa687a593725)
[Service] User is the owner. Granting access.
[Service] Full thumbnail URL from DB: 7253e7c3-2413-49bd-971d-aa687a593725/thumb-1765420292423-test.png.webp
[Service] Path from DB: 7253e7c3-2413-49bd-971d-aa687a593725/thumb-1765420292423-test.png.webp
[Service] Using relative path for Supabase: 7253e7c3-2413-49bd-971d-aa687a593725/thumb-1765420292423-test.png.webp
[Service] Generated signed URL successfully for path "7253e7c3-2413-49bd-971d-aa687a593725/thumb-1765420800481-test.png.webp"
[Controller] Successfully generated secure URL for contentId="47"
[Service] Generated signed URL successfully for path "7253e7c3-2413-49bd-971d-aa687a593725/thumb-1765423277553-test.png.webp"
[Controller] Successfully generated secure URL for contentId="48"
[Service] Generated signed URL successfully for path "7253e7c3-2413-49bd-971d-aa687a593725/thumb-1765420292932-ppv.png.webp"
[Controller] Successfully generated secure URL for contentId="46"
[Service] Generated signed URL successfully for path "7253e7c3-2413-49bd-971d-aa687a593725/thumb-1765423732159-test.png.webp"
[Controller] Successfully generated secure URL for contentId="53"
[Service] Generated signed URL successfully for path "7253e7c3-2413-49bd-971d-aa687a593725/thumb-1765423609788-ppv.png.webp"
[Controller] Successfully generated secure URL for contentId="52"
[Service] Generated signed URL successfully for path "7253e7c3-2413-49bd-971d-aa687a593725/thumb-1765420292423-test.png.webp"
[Controller] Successfully generated secure URL for contentId="45"
[Service] Generated signed URL successfully for path "7253e7c3-2413-49bd-971d-aa687a593725/thumb-1765423445885-ppv.png.webp"
[Controller] Successfully generated secure URL for contentId="50"
[Controller] getSecureContentUrl: Request for contentId="44" by userId="7253e7c3-2413-49bd-971d-aa687a593725"
[Service] getSecureUrlForThumbnail: Verifying access for userId="7253e7c3-2413-49bd-971d-aa687a593725" to contentId="44"
[Model] findContentById: Querying database for content with id=44
[Controller] getSecureContentUrl: Request for contentId="43" by userId="7253e7c3-2413-49bd-971d-aa687a593725"
[Service] getSecureUrlForThumbnail: Verifying access for userId="7253e7c3-2413-49bd-971d-aa687a593725" to contentId="43"
[Model] findContentById: Querying database for content with id=43
[Controller] getSecureContentUrl: Request for contentId="42" by userId="7253e7c3-2413-49bd-971d-aa687a593725"
[Service] getSecureUrlForThumbnail: Verifying access for userId="7253e7c3-2413-49bd-971d-aa687a593725" to contentId="42"
[Model] findContentById: Querying database for content with id=42
[Controller] getSecureContentUrl: Request for contentId="41" by userId="7253e7c3-2413-49bd-971d-aa687a593725"
[Service] getSecureUrlForThumbnail: Verifying access for userId="7253e7c3-2413-49bd-971d-aa687a593725" to contentId="41"
[Model] findContentById: Querying database for content with id=41
[Service] Generated signed URL successfully for path "7253e7c3-2413-49bd-971d-aa687a593725/thumb-1765423732172-ppv.png.webp"
[Controller] Successfully generated secure URL for contentId="54"
[Service] Generated signed URL successfully for path "7253e7c3-2413-49bd-971d-aa687a593725/thumb-1765423445603-test.png.webp"
[Controller] Successfully generated secure URL for contentId="49"
[Controller] getSecureContentUrl: Request for contentId="48" by userId="7253e7c3-2413-49bd-971d-aa687a593725"
[Service] getSecureUrlForThumbnail: Verifying access for userId="7253e7c3-2413-49bd-971d-aa687a593725" to contentId="48"
[Model] findContentById: Querying database for content with id=48
[Controller] getSecureContentUrl: Request for contentId="40" by userId="7253e7c3-2413-49bd-971d-aa687a593725"
[Service] getSecureUrlForThumbnail: Verifying access for userId="7253e7c3-2413-49bd-971d-aa687a593725" to contentId="40"
[Model] findContentById: Querying database for content with id=40
[Controller] getSecureContentUrl: Request for contentId="47" by userId="7253e7c3-2413-49bd-971d-aa687a593725"
[Service] getSecureUrlForThumbnail: Verifying access for userId="7253e7c3-2413-49bd-971d-aa687a593725" to contentId="47"
[Model] findContentById: Querying database for content with id=47
[Model] Successfully found content for id=44.
[Service] Found content: Test Post Title (Creator ID: 7253e7c3-2413-49bd-971d-aa687a593725)
[Service] User is the owner. Granting access.
[Service] Full thumbnail URL from DB: 7253e7c3-2413-49bd-971d-aa687a593725/thumb-1765420154355-test.png.webp
[Service] Path from DB: 7253e7c3-2413-49bd-971d-aa687a593725/thumb-1765420154355-test.png.webp
[Service] Using relative path for Supabase: 7253e7c3-2413-49bd-971d-aa687a593725/thumb-1765420154355-test.png.webp
[Model] Successfully found content for id=42.
[Service] Found content: Test Post Title (Creator ID: 7253e7c3-2413-49bd-971d-aa687a593725)
[Service] User is the owner. Granting access.
[Service] Full thumbnail URL from DB: 7253e7c3-2413-49bd-971d-aa687a593725/thumb-1765419296397-test.png.webp
[Service] Path from DB: 7253e7c3-2413-49bd-971d-aa687a593725/thumb-1765419296397-test.png.webp
[Service] Using relative path for Supabase: 7253e7c3-2413-49bd-971d-aa687a593725/thumb-1765419296397-test.png.webp
[Controller] getSecureContentUrl: Request for contentId="39" by userId="7253e7c3-2413-49bd-971d-aa687a593725"
[Service] getSecureUrlForThumbnail: Verifying access for userId="7253e7c3-2413-49bd-971d-aa687a593725" to contentId="39"
[Model] findContentById: Querying database for content with id=39
[Model] Successfully found content for id=43.
[Service] Found content: PPV Post (Creator ID: 7253e7c3-2413-49bd-971d-aa687a593725)
[Service] User is the owner. Granting access.
[Service] Full thumbnail URL from DB: 7253e7c3-2413-49bd-971d-aa687a593725/thumb-1765420154367-ppv.png.webp
[Service] Path from DB: 7253e7c3-2413-49bd-971d-aa687a593725/thumb-1765420154367-ppv.png.webp
[Service] Using relative path for Supabase: 7253e7c3-2413-49bd-971d-aa687a593725/thumb-1765420154367-ppv.png.webp
[Model] Successfully found content for id=41.
[Service] Found content: PPV Post (Creator ID: 7253e7c3-2413-49bd-971d-aa687a593725)
[Service] User is the owner. Granting access.
[Service] Full thumbnail URL from DB: 7253e7c3-2413-49bd-971d-aa687a593725/thumb-1765419296412-ppv.png.webp
[Service] Path from DB: 7253e7c3-2413-49bd-971d-aa687a593725/thumb-1765419296412-ppv.png.webp
[Service] Using relative path for Supabase: 7253e7c3-2413-49bd-971d-aa687a593725/thumb-1765419296412-ppv.png.webp
[Model] Successfully found content for id=48.
[Service] Found content: Test Post Title (Creator ID: 7253e7c3-2413-49bd-971d-aa687a593725)
[Service] User is the owner. Granting access.
[Service] Full thumbnail URL from DB: 7253e7c3-2413-49bd-971d-aa687a593725/thumb-1765423277553-test.png.webp
[Service] Path from DB: 7253e7c3-2413-49bd-971d-aa687a593725/thumb-1765423277553-test.png.webp
[Service] Using relative path for Supabase: 7253e7c3-2413-49bd-971d-aa687a593725/thumb-1765423277553-test.png.webp
[Model] Successfully found content for id=40.
[Service] Found content: PPV Post (Creator ID: 7253e7c3-2413-49bd-971d-aa687a593725)
[Service] User is the owner. Granting access.
[Service] Full thumbnail URL from DB: 7253e7c3-2413-49bd-971d-aa687a593725/thumb-1765419179870-ppv.png.webp
[Service] Path from DB: 7253e7c3-2413-49bd-971d-aa687a593725/thumb-1765419179870-ppv.png.webp
[Service] Using relative path for Supabase: 7253e7c3-2413-49bd-971d-aa687a593725/thumb-1765419179870-ppv.png.webp
[Model] Successfully found content for id=47.
[Service] Found content: Test Post Title (Creator ID: 7253e7c3-2413-49bd-971d-aa687a593725)
[Service] User is the owner. Granting access.
[Service] Full thumbnail URL from DB: 7253e7c3-2413-49bd-971d-aa687a593725/thumb-1765420800481-test.png.webp
[Service] Path from DB: 7253e7c3-2413-49bd-971d-aa687a593725/thumb-1765420800481-test.png.webp
[Service] Using relative path for Supabase: 7253e7c3-2413-49bd-971d-aa687a593725/thumb-1765420800481-test.png.webp
[Controller] getSecureContentUrl: Request for contentId="46" by userId="7253e7c3-2413-49bd-971d-aa687a593725"
[Service] getSecureUrlForThumbnail: Verifying access for userId="7253e7c3-2413-49bd-971d-aa687a593725" to contentId="46"
[Model] findContentById: Querying database for content with id=46
[Model] Successfully found content for id=39.
[Service] Found content: Test Post Title (Creator ID: 7253e7c3-2413-49bd-971d-aa687a593725)
[Service] User is the owner. Granting access.
[Service] Full thumbnail URL from DB: 7253e7c3-2413-49bd-971d-aa687a593725/thumb-1765419179772-test.png.webp
[Service] Path from DB: 7253e7c3-2413-49bd-971d-aa687a593725/thumb-1765419179772-test.png.webp
[Service] Using relative path for Supabase: 7253e7c3-2413-49bd-971d-aa687a593725/thumb-1765419179772-test.png.webp
[Service] Generated signed URL successfully for path "7253e7c3-2413-49bd-971d-aa687a593725/thumb-1765420154355-test.png.webp"
[Controller] Successfully generated secure URL for contentId="44"
[Controller] getSecureContentUrl: Request for contentId="45" by userId="7253e7c3-2413-49bd-971d-aa687a593725"
[Service] getSecureUrlForThumbnail: Verifying access for userId="7253e7c3-2413-49bd-971d-aa687a593725" to contentId="45"
[Model] findContentById: Querying database for content with id=45
[Service] Generated signed URL successfully for path "7253e7c3-2413-49bd-971d-aa687a593725/thumb-1765419296397-test.png.webp"
[Controller] Successfully generated secure URL for contentId="42"
[Service] Generated signed URL successfully for path "7253e7c3-2413-49bd-971d-aa687a593725/thumb-1765419296412-ppv.png.webp"
[Controller] Successfully generated secure URL for contentId="41"
[Controller] getSecureContentUrl: Request for contentId="44" by userId="7253e7c3-2413-49bd-971d-aa687a593725"
[Service] getSecureUrlForThumbnail: Verifying access for userId="7253e7c3-2413-49bd-971d-aa687a593725" to contentId="44"
[Model] findContentById: Querying database for content with id=44
[Service] Generated signed URL successfully for path "7253e7c3-2413-49bd-971d-aa687a593725/thumb-1765419179870-ppv.png.webp"
[Controller] Successfully generated secure URL for contentId="40"
[Model] Successfully found content for id=46.
[Service] Found content: PPV Post (Creator ID: 7253e7c3-2413-49bd-971d-aa687a593725)
[Service] User is the owner. Granting access.
[Service] Full thumbnail URL from DB: 7253e7c3-2413-49bd-971d-aa687a593725/thumb-1765420292932-ppv.png.webp
[Service] Path from DB: 7253e7c3-2413-49bd-971d-aa687a593725/thumb-1765420292932-ppv.png.webp
[Service] Using relative path for Supabase: 7253e7c3-2413-49bd-971d-aa687a593725/thumb-1765420292932-ppv.png.webp
[Service] Generated signed URL successfully for path "7253e7c3-2413-49bd-971d-aa687a593725/thumb-1765420800481-test.png.webp"
[Controller] Successfully generated secure URL for contentId="47"
[Model] Successfully found content for id=45.
[Service] Found content: Test Post Title (Creator ID: 7253e7c3-2413-49bd-971d-aa687a593725)
[Service] User is the owner. Granting access.
[Service] Full thumbnail URL from DB: 7253e7c3-2413-49bd-971d-aa687a593725/thumb-1765420292423-test.png.webp
[Service] Path from DB: 7253e7c3-2413-49bd-971d-aa687a593725/thumb-1765420292423-test.png.webp
[Service] Using relative path for Supabase: 7253e7c3-2413-49bd-971d-aa687a593725/thumb-1765420292423-test.png.webp
[Service] Generated signed URL successfully for path "7253e7c3-2413-49bd-971d-aa687a593725/thumb-1765419179772-test.png.webp"
[Controller] Successfully generated secure URL for contentId="39"
[Service] Generated signed URL successfully for path "7253e7c3-2413-49bd-971d-aa687a593725/thumb-1765423277553-test.png.webp"
[Controller] Successfully generated secure URL for contentId="48"
[Model] Successfully found content for id=44.
[Service] Found content: Test Post Title (Creator ID: 7253e7c3-2413-49bd-971d-aa687a593725)
[Service] User is the owner. Granting access.
[Service] Full thumbnail URL from DB: 7253e7c3-2413-49bd-971d-aa687a593725/thumb-1765420154355-test.png.webp
[Service] Path from DB: 7253e7c3-2413-49bd-971d-aa687a593725/thumb-1765420154355-test.png.webp
[Service] Using relative path for Supabase: 7253e7c3-2413-49bd-971d-aa687a593725/thumb-1765420154355-test.png.webp
[Service] Generated signed URL successfully for path "7253e7c3-2413-49bd-971d-aa687a593725/thumb-1765423609765-test.png.webp"
[Controller] Successfully generated secure URL for contentId="51"
[Service] Generated signed URL successfully for path "7253e7c3-2413-49bd-971d-aa687a593725/thumb-1765420154367-ppv.png.webp"
[Controller] Successfully generated secure URL for contentId="43"
[Controller] getSecureContentUrl: Request for contentId="54" by userId="7253e7c3-2413-49bd-971d-aa687a593725"
[Service] getSecureUrlForThumbnail: Verifying access for userId="7253e7c3-2413-49bd-971d-aa687a593725" to contentId="54"
[Model] findContentById: Querying database for content with id=54
[Service] Generated signed URL successfully for path "7253e7c3-2413-49bd-971d-aa687a593725/thumb-1765420292932-ppv.png.webp"
[Controller] Successfully generated secure URL for contentId="46"
[Service] Generated signed URL successfully for path "7253e7c3-2413-49bd-971d-aa687a593725/thumb-1765420292423-test.png.webp"
[Controller] Successfully generated secure URL for contentId="45"
[Controller] getSecureContentUrl: Request for contentId="52" by userId="7253e7c3-2413-49bd-971d-aa687a593725"
[Service] getSecureUrlForThumbnail: Verifying access for userId="7253e7c3-2413-49bd-971d-aa687a593725" to contentId="52"
[Model] findContentById: Querying database for content with id=52
[Controller] getSecureContentUrl: Request for contentId="53" by userId="7253e7c3-2413-49bd-971d-aa687a593725"
[Service] getSecureUrlForThumbnail: Verifying access for userId="7253e7c3-2413-49bd-971d-aa687a593725" to contentId="53"
[Model] findContentById: Querying database for content with id=53
[Service] Generated signed URL successfully for path "7253e7c3-2413-49bd-971d-aa687a593725/thumb-1765420154355-test.png.webp"
[Controller] Successfully generated secure URL for contentId="44"
[Controller] getSecureContentUrl: Request for contentId="43" by userId="7253e7c3-2413-49bd-971d-aa687a593725"
[Service] getSecureUrlForThumbnail: Verifying access for userId="7253e7c3-2413-49bd-971d-aa687a593725" to contentId="43"
[Model] findContentById: Querying database for content with id=43
[Model] Successfully found content for id=54.
[Service] Found content: PPV Post (Creator ID: 7253e7c3-2413-49bd-971d-aa687a593725)
[Service] User is the owner. Granting access.
[Service] Full thumbnail URL from DB: 7253e7c3-2413-49bd-971d-aa687a593725/thumb-1765423732172-ppv.png.webp
[Service] Path from DB: 7253e7c3-2413-49bd-971d-aa687a593725/thumb-1765423732172-ppv.png.webp
[Service] Using relative path for Supabase: 7253e7c3-2413-49bd-971d-aa687a593725/thumb-1765423732172-ppv.png.webp
[Controller] getSecureContentUrl: Request for contentId="51" by userId="7253e7c3-2413-49bd-971d-aa687a593725"
[Service] getSecureUrlForThumbnail: Verifying access for userId="7253e7c3-2413-49bd-971d-aa687a593725" to contentId="51"
[Model] findContentById: Querying database for content with id=51
[Controller] getSecureContentUrl: Request for contentId="42" by userId="7253e7c3-2413-49bd-971d-aa687a593725"
[Service] getSecureUrlForThumbnail: Verifying access for userId="7253e7c3-2413-49bd-971d-aa687a593725" to contentId="42"
[Model] findContentById: Querying database for content with id=42
[Model] Successfully found content for id=52.
[Service] Found content: PPV Post (Creator ID: 7253e7c3-2413-49bd-971d-aa687a593725)
[Service] User is the owner. Granting access.
[Service] Full thumbnail URL from DB: 7253e7c3-2413-49bd-971d-aa687a593725/thumb-1765423609788-ppv.png.webp
[Service] Path from DB: 7253e7c3-2413-49bd-971d-aa687a593725/thumb-1765423609788-ppv.png.webp
[Service] Using relative path for Supabase: 7253e7c3-2413-49bd-971d-aa687a593725/thumb-1765423609788-ppv.png.webp
[Controller] getSecureContentUrl: Request for contentId="50" by userId="7253e7c3-2413-49bd-971d-aa687a593725"
[Service] getSecureUrlForThumbnail: Verifying access for userId="7253e7c3-2413-49bd-971d-aa687a593725" to contentId="50"
[Model] findContentById: Querying database for content with id=50
[Model] Successfully found content for id=53.
[Service] Found content: Test Post Title (Creator ID: 7253e7c3-2413-49bd-971d-aa687a593725)
[Service] User is the owner. Granting access.
[Service] Full thumbnail URL from DB: 7253e7c3-2413-49bd-971d-aa687a593725/thumb-1765423732159-test.png.webp
[Service] Path from DB: 7253e7c3-2413-49bd-971d-aa687a593725/thumb-1765423732159-test.png.webp
[Service] Using relative path for Supabase: 7253e7c3-2413-49bd-971d-aa687a593725/thumb-1765423732159-test.png.webp
[Model] Successfully found content for id=43.
[Service] Found content: PPV Post (Creator ID: 7253e7c3-2413-49bd-971d-aa687a593725)
[Service] User is the owner. Granting access.
[Service] Full thumbnail URL from DB: 7253e7c3-2413-49bd-971d-aa687a593725/thumb-1765420154367-ppv.png.webp
[Service] Path from DB: 7253e7c3-2413-49bd-971d-aa687a593725/thumb-1765420154367-ppv.png.webp
[Service] Using relative path for Supabase: 7253e7c3-2413-49bd-971d-aa687a593725/thumb-1765420154367-ppv.png.webp
[Controller] getSecureContentUrl: Request for contentId="49" by userId="7253e7c3-2413-49bd-971d-aa687a593725"
[Service] getSecureUrlForThumbnail: Verifying access for userId="7253e7c3-2413-49bd-971d-aa687a593725" to contentId="49"
[Model] findContentById: Querying database for content with id=49
[Controller] getSecureContentUrl: Request for contentId="40" by userId="7253e7c3-2413-49bd-971d-aa687a593725"
[Service] getSecureUrlForThumbnail: Verifying access for userId="7253e7c3-2413-49bd-971d-aa687a593725" to contentId="40"
[Model] findContentById: Querying database for content with id=40
[Model] Successfully found content for id=42.
[Service] Found content: Test Post Title (Creator ID: 7253e7c3-2413-49bd-971d-aa687a593725)
[Service] User is the owner. Granting access.
[Service] Full thumbnail URL from DB: 7253e7c3-2413-49bd-971d-aa687a593725/thumb-1765419296397-test.png.webp
[Service] Path from DB: 7253e7c3-2413-49bd-971d-aa687a593725/thumb-1765419296397-test.png.webp
[Service] Using relative path for Supabase: 7253e7c3-2413-49bd-971d-aa687a593725/thumb-1765419296397-test.png.webp
[Model] Successfully found content for id=51.
[Service] Found content: Test Post Title (Creator ID: 7253e7c3-2413-49bd-971d-aa687a593725)
[Service] User is the owner. Granting access.
[Service] Full thumbnail URL from DB: 7253e7c3-2413-49bd-971d-aa687a593725/thumb-1765423609765-test.png.webp
[Service] Path from DB: 7253e7c3-2413-49bd-971d-aa687a593725/thumb-1765423609765-test.png.webp
[Service] Using relative path for Supabase: 7253e7c3-2413-49bd-971d-aa687a593725/thumb-1765423609765-test.png.webp
[Model] Successfully found content for id=50.
[Service] Found content: PPV Post (Creator ID: 7253e7c3-2413-49bd-971d-aa687a593725)
[Service] User is the owner. Granting access.
[Service] Full thumbnail URL from DB: 7253e7c3-2413-49bd-971d-aa687a593725/thumb-1765423445885-ppv.png.webp
[Service] Path from DB: 7253e7c3-2413-49bd-971d-aa687a593725/thumb-1765423445885-ppv.png.webp
[Service] Using relative path for Supabase: 7253e7c3-2413-49bd-971d-aa687a593725/thumb-1765423445885-ppv.png.webp
[Controller] getSecureContentUrl: Request for contentId="39" by userId="7253e7c3-2413-49bd-971d-aa687a593725"
[Service] getSecureUrlForThumbnail: Verifying access for userId="7253e7c3-2413-49bd-971d-aa687a593725" to contentId="39"
[Model] findContentById: Querying database for content with id=39
[Service] Generated signed URL successfully for path "7253e7c3-2413-49bd-971d-aa687a593725/thumb-1765423609788-ppv.png.webp"
[Controller] Successfully generated secure URL for contentId="52"
[Service] Generated signed URL successfully for path "7253e7c3-2413-49bd-971d-aa687a593725/thumb-1765423732159-test.png.webp"
[Controller] Successfully generated secure URL for contentId="53"
[Service] Generated signed URL successfully for path "7253e7c3-2413-49bd-971d-aa687a593725/thumb-1765420154367-ppv.png.webp"
[Controller] Successfully generated secure URL for contentId="43"
[Model] Successfully found content for id=49.
[Service] Found content: Test Post Title (Creator ID: 7253e7c3-2413-49bd-971d-aa687a593725)
[Service] User is the owner. Granting access.
[Service] Full thumbnail URL from DB: 7253e7c3-2413-49bd-971d-aa687a593725/thumb-1765423445603-test.png.webp
[Service] Path from DB: 7253e7c3-2413-49bd-971d-aa687a593725/thumb-1765423445603-test.png.webp
[Service] Using relative path for Supabase: 7253e7c3-2413-49bd-971d-aa687a593725/thumb-1765423445603-test.png.webp
[Model] Successfully found content for id=40.
[Service] Found content: PPV Post (Creator ID: 7253e7c3-2413-49bd-971d-aa687a593725)
[Service] User is the owner. Granting access.
[Service] Full thumbnail URL from DB: 7253e7c3-2413-49bd-971d-aa687a593725/thumb-1765419179870-ppv.png.webp
[Service] Path from DB: 7253e7c3-2413-49bd-971d-aa687a593725/thumb-1765419179870-ppv.png.webp
[Service] Using relative path for Supabase: 7253e7c3-2413-49bd-971d-aa687a593725/thumb-1765419179870-ppv.png.webp
[Service] Generated signed URL successfully for path "7253e7c3-2413-49bd-971d-aa687a593725/thumb-1765423732172-ppv.png.webp"
[Controller] Successfully generated secure URL for contentId="54"
[Controller] getSecureContentUrl: Request for contentId="41" by userId="7253e7c3-2413-49bd-971d-aa687a593725"
[Service] getSecureUrlForThumbnail: Verifying access for userId="7253e7c3-2413-49bd-971d-aa687a593725" to contentId="41"
[Model] findContentById: Querying database for content with id=41
[Controller] getSecureContentUrl: Request for contentId="53" by userId="7253e7c3-2413-49bd-971d-aa687a593725"
[Service] getSecureUrlForThumbnail: Verifying access for userId="7253e7c3-2413-49bd-971d-aa687a593725" to contentId="53"
[Model] findContentById: Querying database for content with id=53
[Model] Successfully found content for id=39.
[Service] Found content: Test Post Title (Creator ID: 7253e7c3-2413-49bd-971d-aa687a593725)
[Service] User is the owner. Granting access.
[Service] Full thumbnail URL from DB: 7253e7c3-2413-49bd-971d-aa687a593725/thumb-1765419179772-test.png.webp
[Service] Path from DB: 7253e7c3-2413-49bd-971d-aa687a593725/thumb-1765419179772-test.png.webp
[Service] Using relative path for Supabase: 7253e7c3-2413-49bd-971d-aa687a593725/thumb-1765419179772-test.png.webp
[Service] Generated signed URL successfully for path "7253e7c3-2413-49bd-971d-aa687a593725/thumb-1765419296397-test.png.webp"
[Controller] Successfully generated secure URL for contentId="42"
[Service] Generated signed URL successfully for path "7253e7c3-2413-49bd-971d-aa687a593725/thumb-1765423609765-test.png.webp"
[Controller] Successfully generated secure URL for contentId="51"
[Service] Generated signed URL successfully for path "7253e7c3-2413-49bd-971d-aa687a593725/thumb-1765423445885-ppv.png.webp"
[Controller] Successfully generated secure URL for contentId="50"
[Model] Successfully found content for id=53.
[Service] Found content: Test Post Title (Creator ID: 7253e7c3-2413-49bd-971d-aa687a593725)
[Service] User is the owner. Granting access.
[Service] Full thumbnail URL from DB: 7253e7c3-2413-49bd-971d-aa687a593725/thumb-1765423732159-test.png.webp
[Service] Path from DB: 7253e7c3-2413-49bd-971d-aa687a593725/thumb-1765423732159-test.png.webp
[Service] Using relative path for Supabase: 7253e7c3-2413-49bd-971d-aa687a593725/thumb-1765423732159-test.png.webp
[Service] Generated signed URL successfully for path "7253e7c3-2413-49bd-971d-aa687a593725/thumb-1765423445603-test.png.webp"
[Controller] Successfully generated secure URL for contentId="49"
[Model] Successfully found content for id=41.
[Service] Found content: PPV Post (Creator ID: 7253e7c3-2413-49bd-971d-aa687a593725)
[Service] User is the owner. Granting access.
[Service] Full thumbnail URL from DB: 7253e7c3-2413-49bd-971d-aa687a593725/thumb-1765419296412-ppv.png.webp
[Service] Path from DB: 7253e7c3-2413-49bd-971d-aa687a593725/thumb-1765419296412-ppv.png.webp
[Service] Using relative path for Supabase: 7253e7c3-2413-49bd-971d-aa687a593725/thumb-1765419296412-ppv.png.webp
[Service] Generated signed URL successfully for path "7253e7c3-2413-49bd-971d-aa687a593725/thumb-1765419179772-test.png.webp"
[Controller] Successfully generated secure URL for contentId="39"
[Controller] getSecureContentUrl: Request for contentId="47" by userId="7253e7c3-2413-49bd-971d-aa687a593725"
[Service] getSecureUrlForThumbnail: Verifying access for userId="7253e7c3-2413-49bd-971d-aa687a593725" to contentId="47"
[Model] findContentById: Querying database for content with id=47
[Service] Generated signed URL successfully for path "7253e7c3-2413-49bd-971d-aa687a593725/thumb-1765419179870-ppv.png.webp"
[Controller] Successfully generated secure URL for contentId="40"
[Controller] getSecureContentUrl: Request for contentId="48" by userId="7253e7c3-2413-49bd-971d-aa687a593725"
[Service] getSecureUrlForThumbnail: Verifying access for userId="7253e7c3-2413-49bd-971d-aa687a593725" to contentId="48"
[Model] findContentById: Querying database for content with id=48
[Controller] getSecureContentUrl: Request for contentId="52" by userId="7253e7c3-2413-49bd-971d-aa687a593725"
[Service] getSecureUrlForThumbnail: Verifying access for userId="7253e7c3-2413-49bd-971d-aa687a593725" to contentId="52"
[Model] findContentById: Querying database for content with id=52
[Controller] getSecureContentUrl: Request for contentId="46" by userId="7253e7c3-2413-49bd-971d-aa687a593725"
[Service] getSecureUrlForThumbnail: Verifying access for userId="7253e7c3-2413-49bd-971d-aa687a593725" to contentId="46"
[Model] findContentById: Querying database for content with id=46
[Service] Generated signed URL successfully for path "7253e7c3-2413-49bd-971d-aa687a593725/thumb-1765423732159-test.png.webp"
[Controller] Successfully generated secure URL for contentId="53"
[Controller] getSecureContentUrl: Request for contentId="50" by userId="7253e7c3-2413-49bd-971d-aa687a593725"
[Service] getSecureUrlForThumbnail: Verifying access for userId="7253e7c3-2413-49bd-971d-aa687a593725" to contentId="50"
[Model] findContentById: Querying database for content with id=50
[Model] Successfully found content for id=47.
[Service] Found content: Test Post Title (Creator ID: 7253e7c3-2413-49bd-971d-aa687a593725)
[Service] User is the owner. Granting access.
[Service] Full thumbnail URL from DB: 7253e7c3-2413-49bd-971d-aa687a593725/thumb-1765420800481-test.png.webp
[Service] Path from DB: 7253e7c3-2413-49bd-971d-aa687a593725/thumb-1765420800481-test.png.webp
[Service] Using relative path for Supabase: 7253e7c3-2413-49bd-971d-aa687a593725/thumb-1765420800481-test.png.webp
[Controller] getSecureContentUrl: Request for contentId="45" by userId="7253e7c3-2413-49bd-971d-aa687a593725"
[Service] getSecureUrlForThumbnail: Verifying access for userId="7253e7c3-2413-49bd-971d-aa687a593725" to contentId="45"
[Model] findContentById: Querying database for content with id=45
[Model] Successfully found content for id=48.
[Service] Found content: Test Post Title (Creator ID: 7253e7c3-2413-49bd-971d-aa687a593725)
[Service] User is the owner. Granting access.
[Service] Full thumbnail URL from DB: 7253e7c3-2413-49bd-971d-aa687a593725/thumb-1765423277553-test.png.webp
[Service] Path from DB: 7253e7c3-2413-49bd-971d-aa687a593725/thumb-1765423277553-test.png.webp
[Service] Using relative path for Supabase: 7253e7c3-2413-49bd-971d-aa687a593725/thumb-1765423277553-test.png.webp
[Model] Successfully found content for id=52.
[Service] Found content: PPV Post (Creator ID: 7253e7c3-2413-49bd-971d-aa687a593725)
[Service] User is the owner. Granting access.
[Service] Full thumbnail URL from DB: 7253e7c3-2413-49bd-971d-aa687a593725/thumb-1765423609788-ppv.png.webp
[Service] Path from DB: 7253e7c3-2413-49bd-971d-aa687a593725/thumb-1765423609788-ppv.png.webp
[Service] Using relative path for Supabase: 7253e7c3-2413-49bd-971d-aa687a593725/thumb-1765423609788-ppv.png.webp
[Controller] getSecureContentUrl: Request for contentId="44" by userId="7253e7c3-2413-49bd-971d-aa687a593725"
[Service] getSecureUrlForThumbnail: Verifying access for userId="7253e7c3-2413-49bd-971d-aa687a593725" to contentId="44"
[Model] findContentById: Querying database for content with id=44
[Service] Generated signed URL successfully for path "7253e7c3-2413-49bd-971d-aa687a593725/thumb-1765419296412-ppv.png.webp"
[Controller] Successfully generated secure URL for contentId="41"
[Model] Successfully found content for id=46.
[Service] Found content: PPV Post (Creator ID: 7253e7c3-2413-49bd-971d-aa687a593725)
[Service] User is the owner. Granting access.
[Service] Full thumbnail URL from DB: 7253e7c3-2413-49bd-971d-aa687a593725/thumb-1765420292932-ppv.png.webp
[Service] Path from DB: 7253e7c3-2413-49bd-971d-aa687a593725/thumb-1765420292932-ppv.png.webp
[Service] Using relative path for Supabase: 7253e7c3-2413-49bd-971d-aa687a593725/thumb-1765420292932-ppv.png.webp
[Controller] getSecureContentUrl: Request for contentId="42" by userId="7253e7c3-2413-49bd-971d-aa687a593725"
[Service] getSecureUrlForThumbnail: Verifying access for userId="7253e7c3-2413-49bd-971d-aa687a593725" to contentId="42"
[Model] findContentById: Querying database for content with id=42
[Model] Successfully found content for id=50.
[Service] Found content: PPV Post (Creator ID: 7253e7c3-2413-49bd-971d-aa687a593725)
[Service] User is the owner. Granting access.
[Service] Full thumbnail URL from DB: 7253e7c3-2413-49bd-971d-aa687a593725/thumb-1765423445885-ppv.png.webp
[Service] Path from DB: 7253e7c3-2413-49bd-971d-aa687a593725/thumb-1765423445885-ppv.png.webp
[Service] Using relative path for Supabase: 7253e7c3-2413-49bd-971d-aa687a593725/thumb-1765423445885-ppv.png.webp
[Controller] getSecureContentUrl: Request for contentId="54" by userId="7253e7c3-2413-49bd-971d-aa687a593725"
[Service] getSecureUrlForThumbnail: Verifying access for userId="7253e7c3-2413-49bd-971d-aa687a593725" to contentId="54"
[Model] findContentById: Querying database for content with id=54
[Model] Successfully found content for id=45.
[Service] Found content: Test Post Title (Creator ID: 7253e7c3-2413-49bd-971d-aa687a593725)
[Service] User is the owner. Granting access.
[Service] Full thumbnail URL from DB: 7253e7c3-2413-49bd-971d-aa687a593725/thumb-1765420292423-test.png.webp
[Service] Path from DB: 7253e7c3-2413-49bd-971d-aa687a593725/thumb-1765420292423-test.png.webp
[Service] Using relative path for Supabase: 7253e7c3-2413-49bd-971d-aa687a593725/thumb-1765420292423-test.png.webp
[Controller] getSecureContentUrl: Request for contentId="49" by userId="7253e7c3-2413-49bd-971d-aa687a593725"
[Service] getSecureUrlForThumbnail: Verifying access for userId="7253e7c3-2413-49bd-971d-aa687a593725" to contentId="49"
[Model] findContentById: Querying database for content with id=49
[Service] Generated signed URL successfully for path "7253e7c3-2413-49bd-971d-aa687a593725/thumb-1765423277553-test.png.webp"
[Controller] Successfully generated secure URL for contentId="48"
[Service] Generated signed URL successfully for path "7253e7c3-2413-49bd-971d-aa687a593725/thumb-1765420800481-test.png.webp"
[Controller] Successfully generated secure URL for contentId="47"
[Model] Successfully found content for id=44.
[Service] Found content: Test Post Title (Creator ID: 7253e7c3-2413-49bd-971d-aa687a593725)
[Service] User is the owner. Granting access.
[Service] Full thumbnail URL from DB: 7253e7c3-2413-49bd-971d-aa687a593725/thumb-1765420154355-test.png.webp
[Service] Path from DB: 7253e7c3-2413-49bd-971d-aa687a593725/thumb-1765420154355-test.png.webp
[Service] Using relative path for Supabase: 7253e7c3-2413-49bd-971d-aa687a593725/thumb-1765420154355-test.png.webp
[Service] Generated signed URL successfully for path "7253e7c3-2413-49bd-971d-aa687a593725/thumb-1765423609788-ppv.png.webp"
[Controller] Successfully generated secure URL for contentId="52"
[Model] Successfully found content for id=42.
[Service] Found content: Test Post Title (Creator ID: 7253e7c3-2413-49bd-971d-aa687a593725)
[Service] User is the owner. Granting access.
[Service] Full thumbnail URL from DB: 7253e7c3-2413-49bd-971d-aa687a593725/thumb-1765419296397-test.png.webp
[Service] Path from DB: 7253e7c3-2413-49bd-971d-aa687a593725/thumb-1765419296397-test.png.webp
[Service] Using relative path for Supabase: 7253e7c3-2413-49bd-971d-aa687a593725/thumb-1765419296397-test.png.webp
[Controller] getSecureContentUrl: Request for contentId="47" by userId="7253e7c3-2413-49bd-971d-aa687a593725"
[Service] getSecureUrlForThumbnail: Verifying access for userId="7253e7c3-2413-49bd-971d-aa687a593725" to contentId="47"
[Model] findContentById: Querying database for content with id=47
[Service] Generated signed URL successfully for path "7253e7c3-2413-49bd-971d-aa687a593725/thumb-1765420292932-ppv.png.webp"
[Controller] Successfully generated secure URL for contentId="46"
[Model] Successfully found content for id=54.
[Service] Found content: PPV Post (Creator ID: 7253e7c3-2413-49bd-971d-aa687a593725)
[Service] User is the owner. Granting access.
[Service] Full thumbnail URL from DB: 7253e7c3-2413-49bd-971d-aa687a593725/thumb-1765423732172-ppv.png.webp
[Service] Path from DB: 7253e7c3-2413-49bd-971d-aa687a593725/thumb-1765423732172-ppv.png.webp
[Service] Using relative path for Supabase: 7253e7c3-2413-49bd-971d-aa687a593725/thumb-1765423732172-ppv.png.webp
[Model] Successfully found content for id=49.
[Service] Found content: Test Post Title (Creator ID: 7253e7c3-2413-49bd-971d-aa687a593725)
[Service] User is the owner. Granting access.
[Service] Full thumbnail URL from DB: 7253e7c3-2413-49bd-971d-aa687a593725/thumb-1765423445603-test.png.webp
[Service] Path from DB: 7253e7c3-2413-49bd-971d-aa687a593725/thumb-1765423445603-test.png.webp
[Service] Using relative path for Supabase: 7253e7c3-2413-49bd-971d-aa687a593725/thumb-1765423445603-test.png.webp
[Service] Generated signed URL successfully for path "7253e7c3-2413-49bd-971d-aa687a593725/thumb-1765420292423-test.png.webp"
[Controller] Successfully generated secure URL for contentId="45"
[Controller] getSecureContentUrl: Request for contentId="48" by userId="7253e7c3-2413-49bd-971d-aa687a593725"
[Service] getSecureUrlForThumbnail: Verifying access for userId="7253e7c3-2413-49bd-971d-aa687a593725" to contentId="48"
[Model] findContentById: Querying database for content with id=48
[Model] Successfully found content for id=47.
[Service] Found content: Test Post Title (Creator ID: 7253e7c3-2413-49bd-971d-aa687a593725)
[Service] User is the owner. Granting access.
[Service] Full thumbnail URL from DB: 7253e7c3-2413-49bd-971d-aa687a593725/thumb-1765420800481-test.png.webp
[Service] Path from DB: 7253e7c3-2413-49bd-971d-aa687a593725/thumb-1765420800481-test.png.webp
[Service] Using relative path for Supabase: 7253e7c3-2413-49bd-971d-aa687a593725/thumb-1765420800481-test.png.webp
[Controller] getSecureContentUrl: Request for contentId="41" by userId="7253e7c3-2413-49bd-971d-aa687a593725"
[Service] getSecureUrlForThumbnail: Verifying access for userId="7253e7c3-2413-49bd-971d-aa687a593725" to contentId="41"
[Model] findContentById: Querying database for content with id=41
[Service] Generated signed URL successfully for path "7253e7c3-2413-49bd-971d-aa687a593725/thumb-1765423732172-ppv.png.webp"
[Controller] Successfully generated secure URL for contentId="54"
[Service] Generated signed URL successfully for path "7253e7c3-2413-49bd-971d-aa687a593725/thumb-1765419296397-test.png.webp"
[Controller] Successfully generated secure URL for contentId="42"
[Controller] getSecureContentUrl: Request for contentId="51" by userId="7253e7c3-2413-49bd-971d-aa687a593725"
[Service] getSecureUrlForThumbnail: Verifying access for userId="7253e7c3-2413-49bd-971d-aa687a593725" to contentId="51"
[Model] findContentById: Querying database for content with id=51
[Service] Generated signed URL successfully for path "7253e7c3-2413-49bd-971d-aa687a593725/thumb-1765423445885-ppv.png.webp"
[Controller] Successfully generated secure URL for contentId="50"
[Model] Successfully found content for id=48.
[Service] Found content: Test Post Title (Creator ID: 7253e7c3-2413-49bd-971d-aa687a593725)
[Service] User is the owner. Granting access.
[Service] Full thumbnail URL from DB: 7253e7c3-2413-49bd-971d-aa687a593725/thumb-1765423277553-test.png.webp
[Service] Path from DB: 7253e7c3-2413-49bd-971d-aa687a593725/thumb-1765423277553-test.png.webp
[Service] Using relative path for Supabase: 7253e7c3-2413-49bd-971d-aa687a593725/thumb-1765423277553-test.png.webp
[Service] Generated signed URL successfully for path "7253e7c3-2413-49bd-971d-aa687a593725/thumb-1765423445603-test.png.webp"
[Controller] Successfully generated secure URL for contentId="49"
[Model] Successfully found content for id=41.
[Service] Found content: PPV Post (Creator ID: 7253e7c3-2413-49bd-971d-aa687a593725)
[Service] User is the owner. Granting access.
[Service] Full thumbnail URL from DB: 7253e7c3-2413-49bd-971d-aa687a593725/thumb-1765419296412-ppv.png.webp
[Service] Path from DB: 7253e7c3-2413-49bd-971d-aa687a593725/thumb-1765419296412-ppv.png.webp
[Service] Using relative path for Supabase: 7253e7c3-2413-49bd-971d-aa687a593725/thumb-1765419296412-ppv.png.webp
[Service] Generated signed URL successfully for path "7253e7c3-2413-49bd-971d-aa687a593725/thumb-1765420154355-test.png.webp"
[Controller] Successfully generated secure URL for contentId="44"
[Service] Generated signed URL successfully for path "7253e7c3-2413-49bd-971d-aa687a593725/thumb-1765420800481-test.png.webp"
[Controller] Successfully generated secure URL for contentId="47"
[Model] Successfully found content for id=51.
[Service] Found content: Test Post Title (Creator ID: 7253e7c3-2413-49bd-971d-aa687a593725)
[Service] User is the owner. Granting access.
[Service] Full thumbnail URL from DB: 7253e7c3-2413-49bd-971d-aa687a593725/thumb-1765423609765-test.png.webp
[Service] Path from DB: 7253e7c3-2413-49bd-971d-aa687a593725/thumb-1765423609765-test.png.webp
[Service] Using relative path for Supabase: 7253e7c3-2413-49bd-971d-aa687a593725/thumb-1765423609765-test.png.webp
[Service] Generated signed URL successfully for path "7253e7c3-2413-49bd-971d-aa687a593725/thumb-1765423277553-test.png.webp"
[Controller] Successfully generated secure URL for contentId="48"
[Controller] getSecureContentUrl: Request for contentId="46" by userId="7253e7c3-2413-49bd-971d-aa687a593725"
[Service] getSecureUrlForThumbnail: Verifying access for userId="7253e7c3-2413-49bd-971d-aa687a593725" to contentId="46"
[Model] findContentById: Querying database for content with id=46
[Service] Generated signed URL successfully for path "7253e7c3-2413-49bd-971d-aa687a593725/thumb-1765419296412-ppv.png.webp"
[Controller] Successfully generated secure URL for contentId="41"
[Controller] getSecureContentUrl: Request for contentId="45" by userId="7253e7c3-2413-49bd-971d-aa687a593725"
[Service] getSecureUrlForThumbnail: Verifying access for userId="7253e7c3-2413-49bd-971d-aa687a593725" to contentId="45"
[Model] findContentById: Querying database for content with id=45
[Controller] getSecureContentUrl: Request for contentId="44" by userId="7253e7c3-2413-49bd-971d-aa687a593725"
[Service] getSecureUrlForThumbnail: Verifying access for userId="7253e7c3-2413-49bd-971d-aa687a593725" to contentId="44"
[Model] findContentById: Querying database for content with id=44
[Model] Successfully found content for id=46.
[Service] Found content: PPV Post (Creator ID: 7253e7c3-2413-49bd-971d-aa687a593725)
[Service] User is the owner. Granting access.
[Service] Full thumbnail URL from DB: 7253e7c3-2413-49bd-971d-aa687a593725/thumb-1765420292932-ppv.png.webp
[Service] Path from DB: 7253e7c3-2413-49bd-971d-aa687a593725/thumb-1765420292932-ppv.png.webp
[Service] Using relative path for Supabase: 7253e7c3-2413-49bd-971d-aa687a593725/thumb-1765420292932-ppv.png.webp
[CreatorOnly] Checking user role...
[CreatorOnly] req.user.role: creator
[CreatorOnly] req.originalUser: none
[CreatorOnly] Access granted. isCreator: true, isAdminImpersonatingCreator: undefined
[Controller] createContent: Processing request body: {
  title: 'PPV Post',
  description: '',
  type: 'photo',
  visibility: 'pay_per_view',
  price: 500,
  tags: undefined,
  scheduleIsScheduled: false,
  schedulePublishDate: undefined
}
[Controller] createContent: Files received: 1
[Model] Successfully found content for id=44.
[Service] Found content: Test Post Title (Creator ID: 7253e7c3-2413-49bd-971d-aa687a593725)
[Service] User is the owner. Granting access.
[Service] Full thumbnail URL from DB: 7253e7c3-2413-49bd-971d-aa687a593725/thumb-1765420154355-test.png.webp
[Service] Path from DB: 7253e7c3-2413-49bd-971d-aa687a593725/thumb-1765420154355-test.png.webp
[Service] Using relative path for Supabase: 7253e7c3-2413-49bd-971d-aa687a593725/thumb-1765420154355-test.png.webp
[Model] Successfully found content for id=45.
[Service] Found content: Test Post Title (Creator ID: 7253e7c3-2413-49bd-971d-aa687a593725)
[Service] User is the owner. Granting access.
[Service] Full thumbnail URL from DB: 7253e7c3-2413-49bd-971d-aa687a593725/thumb-1765420292423-test.png.webp
[Service] Path from DB: 7253e7c3-2413-49bd-971d-aa687a593725/thumb-1765420292423-test.png.webp
[Service] Using relative path for Supabase: 7253e7c3-2413-49bd-971d-aa687a593725/thumb-1765420292423-test.png.webp
[Controller] getSecureContentUrl: Request for contentId="43" by userId="7253e7c3-2413-49bd-971d-aa687a593725"
[Service] getSecureUrlForThumbnail: Verifying access for userId="7253e7c3-2413-49bd-971d-aa687a593725" to contentId="43"
[Model] findContentById: Querying database for content with id=43
[Service] Generated signed URL successfully for path "7253e7c3-2413-49bd-971d-aa687a593725/thumb-1765420292932-ppv.png.webp"
[Controller] Successfully generated secure URL for contentId="46"
[Service] Generated signed URL successfully for path "7253e7c3-2413-49bd-971d-aa687a593725/thumb-1765420154355-test.png.webp"
[Controller] Successfully generated secure URL for contentId="44"
[Model] Successfully found content for id=43.
[Service] Found content: PPV Post (Creator ID: 7253e7c3-2413-49bd-971d-aa687a593725)
[Service] User is the owner. Granting access.
[Service] Full thumbnail URL from DB: 7253e7c3-2413-49bd-971d-aa687a593725/thumb-1765420154367-ppv.png.webp
[Service] Path from DB: 7253e7c3-2413-49bd-971d-aa687a593725/thumb-1765420154367-ppv.png.webp
[Service] Using relative path for Supabase: 7253e7c3-2413-49bd-971d-aa687a593725/thumb-1765420154367-ppv.png.webp
[Service] Generated signed URL successfully for path "7253e7c3-2413-49bd-971d-aa687a593725/thumb-1765420292423-test.png.webp"
[Controller] Successfully generated secure URL for contentId="45"
[Service] Generated signed URL successfully for path "7253e7c3-2413-49bd-971d-aa687a593725/thumb-1765423609765-test.png.webp"
[Controller] Successfully generated secure URL for contentId="51"
[Service] Generated signed URL successfully for path "7253e7c3-2413-49bd-971d-aa687a593725/thumb-1765420154367-ppv.png.webp"
[Controller] Successfully generated secure URL for contentId="43"
[Controller] getSecureContentUrl: Request for contentId="42" by userId="7253e7c3-2413-49bd-971d-aa687a593725"
[Service] getSecureUrlForThumbnail: Verifying access for userId="7253e7c3-2413-49bd-971d-aa687a593725" to contentId="42"
[Model] findContentById: Querying database for content with id=42
[Controller] getSecureContentUrl: Request for contentId="39" by userId="7253e7c3-2413-49bd-971d-aa687a593725"
[Service] getSecureUrlForThumbnail: Verifying access for userId="7253e7c3-2413-49bd-971d-aa687a593725" to contentId="39"
[Model] findContentById: Querying database for content with id=39
[Model] Successfully found content for id=42.
[Service] Found content: Test Post Title (Creator ID: 7253e7c3-2413-49bd-971d-aa687a593725)
[Service] User is the owner. Granting access.
[Service] Full thumbnail URL from DB: 7253e7c3-2413-49bd-971d-aa687a593725/thumb-1765419296397-test.png.webp
[Service] Path from DB: 7253e7c3-2413-49bd-971d-aa687a593725/thumb-1765419296397-test.png.webp
[Service] Using relative path for Supabase: 7253e7c3-2413-49bd-971d-aa687a593725/thumb-1765419296397-test.png.webp
[Model] Successfully found content for id=39.
[Service] Found content: Test Post Title (Creator ID: 7253e7c3-2413-49bd-971d-aa687a593725)
[Service] User is the owner. Granting access.
[Service] Full thumbnail URL from DB: 7253e7c3-2413-49bd-971d-aa687a593725/thumb-1765419179772-test.png.webp
[Service] Path from DB: 7253e7c3-2413-49bd-971d-aa687a593725/thumb-1765419179772-test.png.webp
[Service] Using relative path for Supabase: 7253e7c3-2413-49bd-971d-aa687a593725/thumb-1765419179772-test.png.webp
[Controller] getSecureContentUrl: Request for contentId="40" by userId="7253e7c3-2413-49bd-971d-aa687a593725"
[Service] getSecureUrlForThumbnail: Verifying access for userId="7253e7c3-2413-49bd-971d-aa687a593725" to contentId="40"
[Model] findContentById: Querying database for content with id=40
[Controller] getSecureContentUrl: Request for contentId="41" by userId="7253e7c3-2413-49bd-971d-aa687a593725"
[Service] getSecureUrlForThumbnail: Verifying access for userId="7253e7c3-2413-49bd-971d-aa687a593725" to contentId="41"
[Model] findContentById: Querying database for content with id=41
[CreatorOnly] Checking user role...
[CreatorOnly] req.user.role: creator
[CreatorOnly] req.originalUser: none
[CreatorOnly] Access granted. isCreator: true, isAdminImpersonatingCreator: undefined
[Controller] getMyContent: Fetching content for creatorId=7253e7c3-2413-49bd-971d-aa687a593725
[Service] Generated signed URL successfully for path "7253e7c3-2413-49bd-971d-aa687a593725/thumb-1765419179772-test.png.webp"
[Controller] Successfully generated secure URL for contentId="39"
[Model] Successfully found content for id=40.
[Service] Found content: PPV Post (Creator ID: 7253e7c3-2413-49bd-971d-aa687a593725)
[Service] User is the owner. Granting access.
[Service] Full thumbnail URL from DB: 7253e7c3-2413-49bd-971d-aa687a593725/thumb-1765419179870-ppv.png.webp
[Service] Path from DB: 7253e7c3-2413-49bd-971d-aa687a593725/thumb-1765419179870-ppv.png.webp
[Service] Using relative path for Supabase: 7253e7c3-2413-49bd-971d-aa687a593725/thumb-1765419179870-ppv.png.webp
[Model] Successfully found content for id=41.
[Service] Found content: PPV Post (Creator ID: 7253e7c3-2413-49bd-971d-aa687a593725)
[Service] User is the owner. Granting access.
[Service] Full thumbnail URL from DB: 7253e7c3-2413-49bd-971d-aa687a593725/thumb-1765419296412-ppv.png.webp
[Service] Path from DB: 7253e7c3-2413-49bd-971d-aa687a593725/thumb-1765419296412-ppv.png.webp
[Service] Using relative path for Supabase: 7253e7c3-2413-49bd-971d-aa687a593725/thumb-1765419296412-ppv.png.webp
[Service] Generated signed URL successfully for path "7253e7c3-2413-49bd-971d-aa687a593725/thumb-1765419296397-test.png.webp"
[Controller] Successfully generated secure URL for contentId="42"
[Controller] getMyContent: Found 31 items
[Controller] getMyContent: Titles: Test Post Title, PPV Post, Test Post Title, PPV Post, Test Post Title, PPV Post, Test Post Title, Test Post Title, Test Post Title, PPV Post, Test Post Title, Test Post Title, PPV Post, Test Post Title, PPV Post, PPV Post, Test Post Title, Exclusive Video, Welcome to my page!, Exclusive Video, Welcome to my page!, Exclusive Video, Welcome to my page!, Exclusive Video, Welcome to my page!, Exclusive Video, Welcome to my page!, Exclusive Video, Welcome to my page!, Exclusive Video, Welcome to my page!
[Controller] First Item Full: {
  "id": 55,
  "creator_id": "7253e7c3-2413-49bd-971d-aa687a593725",
  "title": "Test Post Title",
  "description": "Test Description",
  "type": "photo",
  "files": [
    {
      "id": "1765423919624-test.png",
      "url": "7253e7c3-2413-49bd-971d-aa687a593725/1765423919624-test.png",
      "size": 70,
      "mimeType": "image/png",
      "thumbnailUrl": "7253e7c3-2413-49bd-971d-aa687a593725/thumb-1765423919624-test.png.webp"
    }
  ],
  "visibility": "subscribers_only",
  "price": null,
  "tags": null,
  "stats": {
    "tips": 0,
    "views": 0,
    "galleryAdds": 0
  },
  "schedule": {
    "isScheduled": false
  },
  "status": "published",
  "created_at": "2025-12-11T03:32:00.465808+00:00",
  "updated_at": "2025-12-11T03:32:00.465808+00:00",
  "min_tier_level": 1,
  "_id": "55",
  "minTierLevel": 1
}
[Service] Generated signed URL successfully for path "7253e7c3-2413-49bd-971d-aa687a593725/thumb-1765419296412-ppv.png.webp"
[Controller] Successfully generated secure URL for contentId="41"
[Service] Generated signed URL successfully for path "7253e7c3-2413-49bd-971d-aa687a593725/thumb-1765419179870-ppv.png.webp"
[Controller] Successfully generated secure URL for contentId="40"
[Controller] getSecureContentUrl: Request for contentId="54" by userId="7253e7c3-2413-49bd-971d-aa687a593725"
[Service] getSecureUrlForThumbnail: Verifying access for userId="7253e7c3-2413-49bd-971d-aa687a593725" to contentId="54"
[Model] findContentById: Querying database for content with id=54
[Controller] getSecureContentUrl: Request for contentId="53" by userId="7253e7c3-2413-49bd-971d-aa687a593725"
[Service] getSecureUrlForThumbnail: Verifying access for userId="7253e7c3-2413-49bd-971d-aa687a593725" to contentId="53"
[Model] findContentById: Querying database for content with id=53
[Controller] getSecureContentUrl: Request for contentId="52" by userId="7253e7c3-2413-49bd-971d-aa687a593725"
[Service] getSecureUrlForThumbnail: Verifying access for userId="7253e7c3-2413-49bd-971d-aa687a593725" to contentId="52"
[Model] findContentById: Querying database for content with id=52
[Controller] getSecureContentUrl: Request for contentId="47" by userId="7253e7c3-2413-49bd-971d-aa687a593725"
[Service] getSecureUrlForThumbnail: Verifying access for userId="7253e7c3-2413-49bd-971d-aa687a593725" to contentId="47"
[Model] findContentById: Querying database for content with id=47
[Controller] getSecureContentUrl: Request for contentId="55" by userId="7253e7c3-2413-49bd-971d-aa687a593725"
[Service] getSecureUrlForThumbnail: Verifying access for userId="7253e7c3-2413-49bd-971d-aa687a593725" to contentId="55"
[Model] findContentById: Querying database for content with id=55
[Controller] getSecureContentUrl: Request for contentId="48" by userId="7253e7c3-2413-49bd-971d-aa687a593725"
[Service] getSecureUrlForThumbnail: Verifying access for userId="7253e7c3-2413-49bd-971d-aa687a593725" to contentId="48"
[Model] findContentById: Querying database for content with id=48
[Model] Successfully found content for id=53.
[Service] Found content: Test Post Title (Creator ID: 7253e7c3-2413-49bd-971d-aa687a593725)
[Service] User is the owner. Granting access.
[Service] Full thumbnail URL from DB: 7253e7c3-2413-49bd-971d-aa687a593725/thumb-1765423732159-test.png.webp
[Service] Path from DB: 7253e7c3-2413-49bd-971d-aa687a593725/thumb-1765423732159-test.png.webp
[Service] Using relative path for Supabase: 7253e7c3-2413-49bd-971d-aa687a593725/thumb-1765423732159-test.png.webp
[Model] Successfully found content for id=52.
[Service] Found content: PPV Post (Creator ID: 7253e7c3-2413-49bd-971d-aa687a593725)
[Service] User is the owner. Granting access.
[Service] Full thumbnail URL from DB: 7253e7c3-2413-49bd-971d-aa687a593725/thumb-1765423609788-ppv.png.webp
[Service] Path from DB: 7253e7c3-2413-49bd-971d-aa687a593725/thumb-1765423609788-ppv.png.webp
[Service] Using relative path for Supabase: 7253e7c3-2413-49bd-971d-aa687a593725/thumb-1765423609788-ppv.png.webp
[Model] Successfully found content for id=47.
[Service] Found content: Test Post Title (Creator ID: 7253e7c3-2413-49bd-971d-aa687a593725)
[Service] User is the owner. Granting access.
[Service] Full thumbnail URL from DB: 7253e7c3-2413-49bd-971d-aa687a593725/thumb-1765420800481-test.png.webp
[Service] Path from DB: 7253e7c3-2413-49bd-971d-aa687a593725/thumb-1765420800481-test.png.webp
[Service] Using relative path for Supabase: 7253e7c3-2413-49bd-971d-aa687a593725/thumb-1765420800481-test.png.webp
[Model] Successfully found content for id=55.
[Service] Found content: Test Post Title (Creator ID: 7253e7c3-2413-49bd-971d-aa687a593725)
[Service] User is the owner. Granting access.
[Service] Full thumbnail URL from DB: 7253e7c3-2413-49bd-971d-aa687a593725/thumb-1765423919624-test.png.webp
[Service] Path from DB: 7253e7c3-2413-49bd-971d-aa687a593725/thumb-1765423919624-test.png.webp
[Service] Using relative path for Supabase: 7253e7c3-2413-49bd-971d-aa687a593725/thumb-1765423919624-test.png.webp
[Controller] getSecureContentUrl: Request for contentId="56" by userId="7253e7c3-2413-49bd-971d-aa687a593725"
[Service] getSecureUrlForThumbnail: Verifying access for userId="7253e7c3-2413-49bd-971d-aa687a593725" to contentId="56"
[Model] findContentById: Querying database for content with id=56
[Model] Successfully found content for id=48.
[Service] Found content: Test Post Title (Creator ID: 7253e7c3-2413-49bd-971d-aa687a593725)
[Service] User is the owner. Granting access.
[Service] Full thumbnail URL from DB: 7253e7c3-2413-49bd-971d-aa687a593725/thumb-1765423277553-test.png.webp
[Service] Path from DB: 7253e7c3-2413-49bd-971d-aa687a593725/thumb-1765423277553-test.png.webp
[Service] Using relative path for Supabase: 7253e7c3-2413-49bd-971d-aa687a593725/thumb-1765423277553-test.png.webp
[Model] Successfully found content for id=54.
[Service] Found content: PPV Post (Creator ID: 7253e7c3-2413-49bd-971d-aa687a593725)
[Service] User is the owner. Granting access.
[Service] Full thumbnail URL from DB: 7253e7c3-2413-49bd-971d-aa687a593725/thumb-1765423732172-ppv.png.webp
[Service] Path from DB: 7253e7c3-2413-49bd-971d-aa687a593725/thumb-1765423732172-ppv.png.webp
[Service] Using relative path for Supabase: 7253e7c3-2413-49bd-971d-aa687a593725/thumb-1765423732172-ppv.png.webp
[Service] Generated signed URL successfully for path "7253e7c3-2413-49bd-971d-aa687a593725/thumb-1765423609788-ppv.png.webp"
[Controller] Successfully generated secure URL for contentId="52"
[Service] Generated signed URL successfully for path "7253e7c3-2413-49bd-971d-aa687a593725/thumb-1765423732159-test.png.webp"
[Controller] Successfully generated secure URL for contentId="53"
[Model] Successfully found content for id=56.
[Service] Found content: PPV Post (Creator ID: 7253e7c3-2413-49bd-971d-aa687a593725)
[Service] User is the owner. Granting access.
[Service] Full thumbnail URL from DB: 7253e7c3-2413-49bd-971d-aa687a593725/thumb-1765423921826-ppv.png.webp
[Service] Path from DB: 7253e7c3-2413-49bd-971d-aa687a593725/thumb-1765423921826-ppv.png.webp
[Service] Using relative path for Supabase: 7253e7c3-2413-49bd-971d-aa687a593725/thumb-1765423921826-ppv.png.webp
[Service] Generated signed URL successfully for path "7253e7c3-2413-49bd-971d-aa687a593725/thumb-1765423277553-test.png.webp"
[Controller] Successfully generated secure URL for contentId="48"
[Service] Generated signed URL successfully for path "7253e7c3-2413-49bd-971d-aa687a593725/thumb-1765420800481-test.png.webp"
[Controller] Successfully generated secure URL for contentId="47"
[Service] Generated signed URL successfully for path "7253e7c3-2413-49bd-971d-aa687a593725/thumb-1765423919624-test.png.webp"
[Controller] Successfully generated secure URL for contentId="55"
[Service] Generated signed URL successfully for path "7253e7c3-2413-49bd-971d-aa687a593725/thumb-1765423921826-ppv.png.webp"
[Controller] Successfully generated secure URL for contentId="56"
[Controller] getSecureContentUrl: Request for contentId="56" by userId="7253e7c3-2413-49bd-971d-aa687a593725"
[Service] getSecureUrlForThumbnail: Verifying access for userId="7253e7c3-2413-49bd-971d-aa687a593725" to contentId="56"
[Model] findContentById: Querying database for content with id=56
[Model] Successfully found content for id=56.
[Service] Found content: PPV Post (Creator ID: 7253e7c3-2413-49bd-971d-aa687a593725)
[Service] User is the owner. Granting access.
[Service] Full thumbnail URL from DB: 7253e7c3-2413-49bd-971d-aa687a593725/thumb-1765423921826-ppv.png.webp
[Service] Path from DB: 7253e7c3-2413-49bd-971d-aa687a593725/thumb-1765423921826-ppv.png.webp
[Service] Using relative path for Supabase: 7253e7c3-2413-49bd-971d-aa687a593725/thumb-1765423921826-ppv.png.webp
[Service] Generated signed URL successfully for path "7253e7c3-2413-49bd-971d-aa687a593725/thumb-1765423732172-ppv.png.webp"
[Controller] Successfully generated secure URL for contentId="54"
[Service] Generated signed URL successfully for path "7253e7c3-2413-49bd-971d-aa687a593725/thumb-1765423921826-ppv.png.webp"
[Controller] Successfully generated secure URL for contentId="56"
[CreatorOnly] Checking user role...
[CreatorOnly] req.user.role: creator
[CreatorOnly] req.originalUser: none
[CreatorOnly] Access granted. isCreator: true, isAdminImpersonatingCreator: undefined
[Controller] getMyContent: Fetching content for creatorId=7253e7c3-2413-49bd-971d-aa687a593725
[Controller] getMyContent: Found 32 items
[Controller] getMyContent: Titles: PPV Post, Test Post Title, PPV Post, Test Post Title, PPV Post, Test Post Title, PPV Post, Test Post Title, Test Post Title, Test Post Title, PPV Post, Test Post Title, Test Post Title, PPV Post, Test Post Title, PPV Post, PPV Post, Test Post Title, Exclusive Video, Welcome to my page!, Exclusive Video, Welcome to my page!, Exclusive Video, Welcome to my page!, Exclusive Video, Welcome to my page!, Exclusive Video, Welcome to my page!, Exclusive Video, Welcome to my page!, Exclusive Video, Welcome to my page!
[Controller] First Item Full: {
  "id": 56,
  "creator_id": "7253e7c3-2413-49bd-971d-aa687a593725",
  "title": "PPV Post",
  "description": "",
  "type": "photo",
  "files": [
    {
      "id": "1765423921826-ppv.png",
      "url": "7253e7c3-2413-49bd-971d-aa687a593725/1765423921826-ppv.png",
      "size": 70,
      "mimeType": "image/png",
      "thumbnailUrl": "7253e7c3-2413-49bd-971d-aa687a593725/thumb-1765423921826-ppv.png.webp"
    }
  ],
  "visibility": "pay_per_view",
  "price": 500,
  "tags": null,
  "stats": {
    "tips": 0,
    "views": 0,
    "galleryAdds": 0
  },
  "schedule": {
    "isScheduled": false
  },
  "status": "published",
  "created_at": "2025-12-11T03:32:02.398726+00:00",
  "updated_at": "2025-12-11T03:32:02.398726+00:00",
  "min_tier_level": 1,
  "_id": "56",
  "minTierLevel": 1
}
[Controller] getSecureContentUrl: Request for contentId="54" by userId="7253e7c3-2413-49bd-971d-aa687a593725"
[Service] getSecureUrlForThumbnail: Verifying access for userId="7253e7c3-2413-49bd-971d-aa687a593725" to contentId="54"
[Model] findContentById: Querying database for content with id=54
[Controller] getSecureContentUrl: Request for contentId="52" by userId="7253e7c3-2413-49bd-971d-aa687a593725"
[Service] getSecureUrlForThumbnail: Verifying access for userId="7253e7c3-2413-49bd-971d-aa687a593725" to contentId="52"
[Model] findContentById: Querying database for content with id=52
[Controller] getSecureContentUrl: Request for contentId="53" by userId="7253e7c3-2413-49bd-971d-aa687a593725"
[Service] getSecureUrlForThumbnail: Verifying access for userId="7253e7c3-2413-49bd-971d-aa687a593725" to contentId="53"
[Model] findContentById: Querying database for content with id=53
[Controller] getSecureContentUrl: Request for contentId="50" by userId="7253e7c3-2413-49bd-971d-aa687a593725"
[Service] getSecureUrlForThumbnail: Verifying access for userId="7253e7c3-2413-49bd-971d-aa687a593725" to contentId="50"
[Model] findContentById: Querying database for content with id=50
[Controller] getSecureContentUrl: Request for contentId="51" by userId="7253e7c3-2413-49bd-971d-aa687a593725"
[Service] getSecureUrlForThumbnail: Verifying access for userId="7253e7c3-2413-49bd-971d-aa687a593725" to contentId="51"
[Model] findContentById: Querying database for content with id=51
[Controller] getSecureContentUrl: Request for contentId="56" by userId="7253e7c3-2413-49bd-971d-aa687a593725"
[Service] getSecureUrlForThumbnail: Verifying access for userId="7253e7c3-2413-49bd-971d-aa687a593725" to contentId="56"
[Model] findContentById: Querying database for content with id=56
[Model] Successfully found content for id=54.
[Service] Found content: PPV Post (Creator ID: 7253e7c3-2413-49bd-971d-aa687a593725)
[Service] User is the owner. Granting access.
[Service] Full thumbnail URL from DB: 7253e7c3-2413-49bd-971d-aa687a593725/thumb-1765423732172-ppv.png.webp
[Service] Path from DB: 7253e7c3-2413-49bd-971d-aa687a593725/thumb-1765423732172-ppv.png.webp
[Service] Using relative path for Supabase: 7253e7c3-2413-49bd-971d-aa687a593725/thumb-1765423732172-ppv.png.webp
[Model] Successfully found content for id=52.
[Service] Found content: PPV Post (Creator ID: 7253e7c3-2413-49bd-971d-aa687a593725)
[Service] User is the owner. Granting access.
[Service] Full thumbnail URL from DB: 7253e7c3-2413-49bd-971d-aa687a593725/thumb-1765423609788-ppv.png.webp
[Service] Path from DB: 7253e7c3-2413-49bd-971d-aa687a593725/thumb-1765423609788-ppv.png.webp
[Service] Using relative path for Supabase: 7253e7c3-2413-49bd-971d-aa687a593725/thumb-1765423609788-ppv.png.webp
[Model] Successfully found content for id=53.
[Service] Found content: Test Post Title (Creator ID: 7253e7c3-2413-49bd-971d-aa687a593725)
[Service] User is the owner. Granting access.
[Service] Full thumbnail URL from DB: 7253e7c3-2413-49bd-971d-aa687a593725/thumb-1765423732159-test.png.webp
[Service] Path from DB: 7253e7c3-2413-49bd-971d-aa687a593725/thumb-1765423732159-test.png.webp
[Service] Using relative path for Supabase: 7253e7c3-2413-49bd-971d-aa687a593725/thumb-1765423732159-test.png.webp
[Model] Successfully found content for id=50.
[Service] Found content: PPV Post (Creator ID: 7253e7c3-2413-49bd-971d-aa687a593725)
[Service] User is the owner. Granting access.
[Service] Full thumbnail URL from DB: 7253e7c3-2413-49bd-971d-aa687a593725/thumb-1765423445885-ppv.png.webp
[Service] Path from DB: 7253e7c3-2413-49bd-971d-aa687a593725/thumb-1765423445885-ppv.png.webp
[Service] Using relative path for Supabase: 7253e7c3-2413-49bd-971d-aa687a593725/thumb-1765423445885-ppv.png.webp
[Model] Successfully found content for id=51.
[Service] Found content: Test Post Title (Creator ID: 7253e7c3-2413-49bd-971d-aa687a593725)
[Service] User is the owner. Granting access.
[Service] Full thumbnail URL from DB: 7253e7c3-2413-49bd-971d-aa687a593725/thumb-1765423609765-test.png.webp
[Service] Path from DB: 7253e7c3-2413-49bd-971d-aa687a593725/thumb-1765423609765-test.png.webp
[Service] Using relative path for Supabase: 7253e7c3-2413-49bd-971d-aa687a593725/thumb-1765423609765-test.png.webp
[Model] Successfully found content for id=56.
[Service] Found content: PPV Post (Creator ID: 7253e7c3-2413-49bd-971d-aa687a593725)
[Service] User is the owner. Granting access.
[Service] Full thumbnail URL from DB: 7253e7c3-2413-49bd-971d-aa687a593725/thumb-1765423921826-ppv.png.webp
[Service] Path from DB: 7253e7c3-2413-49bd-971d-aa687a593725/thumb-1765423921826-ppv.png.webp
[Service] Using relative path for Supabase: 7253e7c3-2413-49bd-971d-aa687a593725/thumb-1765423921826-ppv.png.webp
[Service] Generated signed URL successfully for path "7253e7c3-2413-49bd-971d-aa687a593725/thumb-1765423732159-test.png.webp"
[Controller] Successfully generated secure URL for contentId="53"
[Service] Generated signed URL successfully for path "7253e7c3-2413-49bd-971d-aa687a593725/thumb-1765423732172-ppv.png.webp"
[Controller] Successfully generated secure URL for contentId="54"
[Service] Generated signed URL successfully for path "7253e7c3-2413-49bd-971d-aa687a593725/thumb-1765423609788-ppv.png.webp"
[Controller] Successfully generated secure URL for contentId="52"
[Service] Generated signed URL successfully for path "7253e7c3-2413-49bd-971d-aa687a593725/thumb-1765423921826-ppv.png.webp"
[Controller] Successfully generated secure URL for contentId="56"
[Service] Generated signed URL successfully for path "7253e7c3-2413-49bd-971d-aa687a593725/thumb-1765423445885-ppv.png.webp"
[Controller] Successfully generated secure URL for contentId="50"
[Service] Generated signed URL successfully for path "7253e7c3-2413-49bd-971d-aa687a593725/thumb-1765423609765-test.png.webp"
[Controller] Successfully generated secure URL for contentId="51"
Fetching dashboard stats...
Fetching dashboard stats...
Fetching dashboard stats...
Fetching dashboard stats...
Fetching dashboard stats...
Fetching dashboard stats...
Fetching dashboard stats...
Fetching dashboard stats...
[AdminService] Generating report "" for metrics: Engagement from 2025-11-11T06:35:05.641Z to 2025-12-11T06:35:05.641Z
Fetching dashboard stats...
Fetching dashboard stats...
[ContentUtils] activeSubs:  []
[ContentUtils] activeSubs:  []
[ContentUtils] activeSubs:  []
[ContentUtils] activeSubs:  []
[ContentUtils] activeSubs:  []
[ContentUtils] activeSubs:  []
[ContentUtils] activeSubs:  []
[ContentUtils] activeSubs:  []
[ContentUtils] activeSubs:  []
[ContentUtils] activeSubs:  []
[SubService] Starting subscription creation for fan 3683200e-9bdd-44e7-b8b4-cb96db23bee2 to creator 7253e7c3-2413-49bd-971d-aa687a593725
[SubService] Confirmed Stripe Customer ID: cus_TXblcYm0za25NZ
Stripe subscription creation error: StripeInvalidRequestError: No such price: 'price_fake_1'
    at generateV1Error (C:\Users\leona\OneDrive\Documents\PoDM\PoDM\PoDM_project\node_modules\stripe\cjs\Error.js:11:20)
    at res.toJSON.then.Error_js_1.StripeAPIError.message (C:\Users\leona\OneDrive\Documents\PoDM\PoDM\PoDM_project\node_modules\stripe\cjs\RequestSender.js:108:62)
    at processTicksAndRejections (node:internal/process/task_queues:103:5) {
  type: 'StripeInvalidRequestError',
  raw: {
    code: 'resource_missing',
    doc_url: 'https://stripe.com/docs/error-codes/resource-missing',
    message: "No such price: 'price_fake_1'",
    param: 'items[0][price]',
    request_log_url: 'https://dashboard.stripe.com/test/logs/req_8pQ7NBsQziUiks?t=1765436170',
    type: 'invalid_request_error',
    headers: {
      server: 'nginx',
      date: 'Thu, 11 Dec 2025 06:56:10 GMT',
      'content-type': 'application/json',
      'content-length': '337',
      connection: 'keep-alive',
      'access-control-allow-credentials': 'true',
      'access-control-allow-methods': 'GET, HEAD, PUT, PATCH, POST, DELETE',
      'access-control-allow-origin': '*',
      'access-control-expose-headers': 'Request-Id, Stripe-Manage-Version, Stripe-Should-Retry, X-Stripe-External-Auth-Required, X-Stripe-Privileged-Session-Required',
      'access-control-max-age': '300',
      'cache-control': 'no-cache, no-store',
      'content-security-policy': "base-uri 'none'; default-src 'none'; form-action 'none'; frame-ancestors 'none'; img-src 'self'; script-src 'self' 'report-sample'; style-src 'self'; worker-src 'none'; upgrade-insecure-requests; report-uri https://q.stripe.com/csp-violation?q=673CCxTuuWLs0PcIvwHhZOmWOkx_EM3OBJuZVOTf1a_c1X1YaaXv4-LOoWQIQZbZLwlKMCA8dA7VcLLn",
      'idempotency-key': 'stripe-node-retry-fa76b736-8b66-48e6-8481-943db5b1418b',
      'original-request': 'req_8pQ7NBsQziUiks',
      'request-id': 'req_8pQ7NBsQziUiks',
      'stripe-version': '2025-08-27.basil',
      vary: 'Origin',
      'x-stripe-priority-routing-enabled': 'true',
      'x-stripe-routing-context-priority-tier': 'api-testmode',
      'x-wc': 'ABGHIJ',
      'strict-transport-security': 'max-age=63072000; includeSubDomains; preload'
    },
    statusCode: 400,
    requestId: 'req_8pQ7NBsQziUiks'
  },
  rawType: 'invalid_request_error',
  code: 'resource_missing',
  doc_url: 'https://stripe.com/docs/error-codes/resource-missing',
  param: 'items[0][price]',
  detail: undefined,
  headers: {
    server: 'nginx',
    date: 'Thu, 11 Dec 2025 06:56:10 GMT',
    'content-type': 'application/json',
    'content-length': '337',
    connection: 'keep-alive',
    'access-control-allow-credentials': 'true',
    'access-control-allow-methods': 'GET, HEAD, PUT, PATCH, POST, DELETE',
    'access-control-allow-origin': '*',
    'access-control-expose-headers': 'Request-Id, Stripe-Manage-Version, Stripe-Should-Retry, X-Stripe-External-Auth-Required, X-Stripe-Privileged-Session-Required',
    'access-control-max-age': '300',
    'cache-control': 'no-cache, no-store',
    'content-security-policy': "base-uri 'none'; default-src 'none'; form-action 'none'; frame-ancestors 'none'; img-src 'self'; script-src 'self' 'report-sample'; style-src 'self'; worker-src 'none'; upgrade-insecure-requests; report-uri https://q.stripe.com/csp-violation?q=673CCxTuuWLs0PcIvwHhZOmWOkx_EM3OBJuZVOTf1a_c1X1YaaXv4-LOoWQIQZbZLwlKMCA8dA7VcLLn",
    'idempotency-key': 'stripe-node-retry-fa76b736-8b66-48e6-8481-943db5b1418b',
    'original-request': 'req_8pQ7NBsQziUiks',
    'request-id': 'req_8pQ7NBsQziUiks',
    'stripe-version': '2025-08-27.basil',
    vary: 'Origin',
    'x-stripe-priority-routing-enabled': 'true',
    'x-stripe-routing-context-priority-tier': 'api-testmode',
    'x-wc': 'ABGHIJ',
    'strict-transport-security': 'max-age=63072000; includeSubDomains; preload'
  },
  requestId: 'req_8pQ7NBsQziUiks',
  statusCode: 400,
  userMessage: undefined,
  charge: undefined,
  decline_code: undefined,
  payment_intent: undefined,
  payment_method: undefined,
  payment_method_type: undefined,
  setup_intent: undefined,
  source: undefined
}
[ContentUtils] activeSubs:  []
[ContentUtils] activeSubs:  []
[ContentUtils] activeSubs:  []
[SubService] Starting subscription creation for fan 3683200e-9bdd-44e7-b8b4-cb96db23bee2 to creator 7253e7c3-2413-49bd-971d-aa687a593725
[SubService] Confirmed Stripe Customer ID: cus_TXblcYm0za25NZ
Stripe subscription creation error: StripeInvalidRequestError: No such price: 'price_fake_1'
    at generateV1Error (C:\Users\leona\OneDrive\Documents\PoDM\PoDM\PoDM_project\node_modules\stripe\cjs\Error.js:11:20)
    at res.toJSON.then.Error_js_1.StripeAPIError.message (C:\Users\leona\OneDrive\Documents\PoDM\PoDM\PoDM_project\node_modules\stripe\cjs\RequestSender.js:108:62)
    at processTicksAndRejections (node:internal/process/task_queues:103:5) {
  type: 'StripeInvalidRequestError',
  raw: {
    code: 'resource_missing',
    doc_url: 'https://stripe.com/docs/error-codes/resource-missing',
    message: "No such price: 'price_fake_1'",
    param: 'items[0][price]',
    request_log_url: 'https://dashboard.stripe.com/test/logs/req_XadRLlhLSriKrT?t=1765436335',
    type: 'invalid_request_error',
    headers: {
      server: 'nginx',
      date: 'Thu, 11 Dec 2025 06:58:55 GMT',
      'content-type': 'application/json',
      'content-length': '337',
      connection: 'keep-alive',
      'access-control-allow-credentials': 'true',
      'access-control-allow-methods': 'GET, HEAD, PUT, PATCH, POST, DELETE',
      'access-control-allow-origin': '*',
      'access-control-expose-headers': 'Request-Id, Stripe-Manage-Version, Stripe-Should-Retry, X-Stripe-External-Auth-Required, X-Stripe-Privileged-Session-Required',
      'access-control-max-age': '300',
      'cache-control': 'no-cache, no-store',
      'content-security-policy': "base-uri 'none'; default-src 'none'; form-action 'none'; frame-ancestors 'none'; img-src 'self'; script-src 'self' 'report-sample'; style-src 'self'; worker-src 'none'; upgrade-insecure-requests; report-uri https://q.stripe.com/csp-violation?q=lNl3Z3seg0eofBpltfc5_s829uZmvzXcPkBuZkTYJZHpQUR8AxvTieypN3kme6g0XiMOu0rYQRs_hqQf",
      'idempotency-key': 'stripe-node-retry-e51c3b7a-10c4-43da-bc75-3803087277c1',
      'original-request': 'req_XadRLlhLSriKrT',
      'request-id': 'req_XadRLlhLSriKrT',
      'stripe-version': '2025-08-27.basil',
      vary: 'Origin',
      'x-stripe-priority-routing-enabled': 'true',
      'x-stripe-routing-context-priority-tier': 'api-testmode',
      'x-wc': 'ABGHIJ',
      'strict-transport-security': 'max-age=63072000; includeSubDomains; preload'
    },
    statusCode: 400,
    requestId: 'req_XadRLlhLSriKrT'
  },
  rawType: 'invalid_request_error',
  code: 'resource_missing',
  doc_url: 'https://stripe.com/docs/error-codes/resource-missing',
  param: 'items[0][price]',
  detail: undefined,
  headers: {
    server: 'nginx',
    date: 'Thu, 11 Dec 2025 06:58:55 GMT',
    'content-type': 'application/json',
    'content-length': '337',
    connection: 'keep-alive',
    'access-control-allow-credentials': 'true',
    'access-control-allow-methods': 'GET, HEAD, PUT, PATCH, POST, DELETE',
    'access-control-allow-origin': '*',
    'access-control-expose-headers': 'Request-Id, Stripe-Manage-Version, Stripe-Should-Retry, X-Stripe-External-Auth-Required, X-Stripe-Privileged-Session-Required',
    'access-control-max-age': '300',
    'cache-control': 'no-cache, no-store',
    'content-security-policy': "base-uri 'none'; default-src 'none'; form-action 'none'; frame-ancestors 'none'; img-src 'self'; script-src 'self' 'report-sample'; style-src 'self'; worker-src 'none'; upgrade-insecure-requests; report-uri https://q.stripe.com/csp-violation?q=lNl3Z3seg0eofBpltfc5_s829uZmvzXcPkBuZkTYJZHpQUR8AxvTieypN3kme6g0XiMOu0rYQRs_hqQf",
    'idempotency-key': 'stripe-node-retry-e51c3b7a-10c4-43da-bc75-3803087277c1',
    'original-request': 'req_XadRLlhLSriKrT',
    'request-id': 'req_XadRLlhLSriKrT',
    'stripe-version': '2025-08-27.basil',
    vary: 'Origin',
    'x-stripe-priority-routing-enabled': 'true',
    'x-stripe-routing-context-priority-tier': 'api-testmode',
    'x-wc': 'ABGHIJ',
    'strict-transport-security': 'max-age=63072000; includeSubDomains; preload'
  },
  requestId: 'req_XadRLlhLSriKrT',
  statusCode: 400,
  userMessage: undefined,
  charge: undefined,
  decline_code: undefined,
  payment_intent: undefined,
  payment_method: undefined,
  payment_method_type: undefined,
  setup_intent: undefined,
  source: undefined
}
[INFO] 02:00:29 Restarting: C:\Users\leona\OneDrive\Documents\PoDM\PoDM\PoDM_project\server\services\subscription.service.ts has been modified
Compilation error in C:\Users\leona\OneDrive\Documents\PoDM\PoDM\PoDM_project\server\services\subscription.service.ts
[dotenv@17.2.2] injecting env (7) from server\.env -- tip: ⚙️  write to custom object with { processEnv: myObject }
--- SERVER STARTING ---
[ERROR] 02:00:29 ⨯ Unable to compile TypeScript:
server/services/subscription.service.ts(195,6): error TS1472: 'catch' or 'finally' expected.
server/services/subscription.service.ts(333,7): error TS1005: '}' expected.

[INFO] 02:00:48 Restarting: C:\Users\leona\OneDrive\Documents\PoDM\PoDM\PoDM_project\server\services\subscription.service.ts has been modified
[dotenv@17.2.2] injecting env (7) from server\.env -- tip: 📡 version env with Radar: https://dotenvx.com/radar
--- SERVER STARTING ---
[dotenv@17.2.2] injecting env (0) from .env -- tip: 📡 observe env with Radar: https://dotenvx.com/radar
✅ auth.routes.ts file has been loaded and is running.
🚀 Server (with WebSockets) is running at http://localhost:5000
[ContentUtils] activeSubs:  []
[ContentUtils] activeSubs:  []
[ContentUtils] activeSubs:  []
[SubService] Starting subscription creation for fan 3683200e-9bdd-44e7-b8b4-cb96db23bee2 to creator 7253e7c3-2413-49bd-971d-aa687a593725
[SubService] Confirmed Stripe Customer ID: cus_TXblcYm0za25NZ
[SubService] Using MOCK Stripe subscription for testing.
[SubService] Stripe subscription created. {
  "id": "sub_mock_1765437220439",
  "status": "active",
  "latest_invoice": {
    "id": "in_mock_1765437220439",
    "amount_paid": 500,
    "status": "paid",
    "period_start": 1765437220,
    "period_end": 1768029220,
    "payment_intent": {
      "id": "pi_mock_1765437220439",
      "status": "succeeded",
      "client_secret": "secret_mock"
    }
  }
}
[SubService] Initial subscription transaction for 5 USD saved to database.
[SubService] Subscription 17 saved to local database.
[ContentUtils] activeSubs:  [
  {
    id: 17,
    fan_id: '3683200e-9bdd-44e7-b8b4-cb96db23bee2',
    creator_id: '7253e7c3-2413-49bd-971d-aa687a593725',
    tier_id: 'tier-1',
    status: 'active',
    start_date: '2025-12-11T07:13:40+00:00',
    end_date: null,
    next_billing_date: '2026-01-10T07:13:40+00:00',
    created_at: '2025-12-11T07:13:40.532713+00:00',
    stripe_subscription_id: 'sub_mock_1765437220439',
    creator: {
      id: '7253e7c3-2413-49bd-971d-aa687a593725',
      bio: null,
      role: 'creator',
      email: 'creator@example.com',
      status: 'active',
      username: 'creator',
      full_name: 'Jane Creator',
      avatar_url: null,
      updated_at: null,
      preferences: {},
      creator_data: [Object],
      commission_rate: null,
      stripe_account_id: null,
      verification_data: null,
      stripe_customer_id: null,
      onboarding_complete: true
    }
  }
]
[ContentUtils] activeSubs:  [
  {
    id: 17,
    fan_id: '3683200e-9bdd-44e7-b8b4-cb96db23bee2',
    creator_id: '7253e7c3-2413-49bd-971d-aa687a593725',
    tier_id: 'tier-1',
    status: 'active',
    start_date: '2025-12-11T07:13:40+00:00',
    end_date: null,
    next_billing_date: '2026-01-10T07:13:40+00:00',
    created_at: '2025-12-11T07:13:40.532713+00:00',
    stripe_subscription_id: 'sub_mock_1765437220439',
    creator: {
      id: '7253e7c3-2413-49bd-971d-aa687a593725',
      bio: null,
      role: 'creator',
      email: 'creator@example.com',
      status: 'active',
      username: 'creator',
      full_name: 'Jane Creator',
      avatar_url: null,
      updated_at: null,
      preferences: {},
      creator_data: [Object],
      commission_rate: null,
      stripe_account_id: null,
      verification_data: null,
      stripe_customer_id: null,
      onboarding_complete: true
    }
  }
]
[ContentUtils] activeSubs:  [
  {
    id: 17,
    fan_id: '3683200e-9bdd-44e7-b8b4-cb96db23bee2',
    creator_id: '7253e7c3-2413-49bd-971d-aa687a593725',
    tier_id: 'tier-1',
    status: 'active',
    start_date: '2025-12-11T07:13:40+00:00',
    end_date: null,
    next_billing_date: '2026-01-10T07:13:40+00:00',
    created_at: '2025-12-11T07:13:40.532713+00:00',
    stripe_subscription_id: 'sub_mock_1765437220439',
    creator: {
      id: '7253e7c3-2413-49bd-971d-aa687a593725',
      bio: null,
      role: 'creator',
      email: 'creator@example.com',
      status: 'active',
      username: 'creator',
      full_name: 'Jane Creator',
      avatar_url: null,
      updated_at: null,
      preferences: {},
      creator_data: [Object],
      commission_rate: null,
      stripe_account_id: null,
      verification_data: null,
      stripe_customer_id: null,
      onboarding_complete: true
    }
  }
]
[INFO] 20:32:02 Reinitializing TS compilation
[INFO] 20:32:02 Restarting: C:\Users\leona\OneDrive\Documents\PoDM\PoDM\PoDM_project\tsconfig.json has been modified
[dotenv@17.2.2] injecting env (7) from server\.env -- tip: 🛠️  run anywhere with `dotenvx run -- yourcommand`
--- SERVER STARTING ---
[dotenv@17.2.2] injecting env (0) from .env -- tip: 🔐 encrypt with Dotenvx: https://dotenvx.com
✅ auth.routes.ts file has been loaded and is running.
🚀 Server (with WebSockets) is running at http://localhost:5000
[INFO] 21:21:45 Restarting: C:\Users\leona\OneDrive\Documents\PoDM\PoDM\PoDM_project\server\utils\user.utils.ts has been modified
[dotenv@17.2.2] injecting env (7) from server\.env -- tip: 🔐 prevent committing .env to code: https://dotenvx.com/precommit
--- SERVER STARTING ---
[dotenv@17.2.2] injecting env (0) from .env -- tip: ⚙️  load multiple .env files with { path: ['.env.local', '.env'] }
✅ auth.routes.ts file has been loaded and is running.
🚀 Server (with WebSockets) is running at http://localhost:5000
[INFO] 21:22:57 Restarting: C:\Users\leona\OneDrive\Documents\PoDM\PoDM\PoDM_project\server\services\admin.service.ts has been modified
[dotenv@17.2.2] injecting env (7) from server\.env -- tip: 📡 version env with Radar: https://dotenvx.com/radar
--- SERVER STARTING ---
[dotenv@17.2.2] injecting env (0) from .env -- tip: 📡 observe env with Radar: https://dotenvx.com/radar
✅ auth.routes.ts file has been loaded and is running.
🚀 Server (with WebSockets) is running at http://localhost:5000
[INFO] 21:32:13 Restarting: C:\Users\leona\OneDrive\Documents\PoDM\PoDM\PoDM_project\server\services\admin.service.ts has been modified
[dotenv@17.2.2] injecting env (7) from server\.env -- tip: 🔐 encrypt with Dotenvx: https://dotenvx.com
--- SERVER STARTING ---
[dotenv@17.2.2] injecting env (0) from .env -- tip: 🛠️  run anywhere with `dotenvx run -- yourcommand`
✅ auth.routes.ts file has been loaded and is running.
🚀 Server (with WebSockets) is running at http://localhost:5000
[INFO] 21:33:39 Restarting: C:\Users\leona\OneDrive\Documents\PoDM\PoDM\PoDM_project\server\services\admin.service.ts has been modified
[dotenv@17.2.2] injecting env (7) from server\.env -- tip: 📡 auto-backup env with Radar: https://dotenvx.com/radar
--- SERVER STARTING ---
[dotenv@17.2.2] injecting env (0) from .env -- tip: 📡 version env with Radar: https://dotenvx.com/radar
✅ auth.routes.ts file has been loaded and is running.
🚀 Server (with WebSockets) is running at http://localhost:5000
[INFO] 21:43:07 Restarting: C:\Users\leona\OneDrive\Documents\PoDM\PoDM\PoDM_project\server\controllers\user.controller.ts has been modified
[dotenv@17.2.2] injecting env (7) from server\.env -- tip: ⚙️  load multiple .env files with { path: ['.env.local', '.env'] }
--- SERVER STARTING ---
[dotenv@17.2.2] injecting env (0) from .env -- tip: 🔐 prevent committing .env to code: https://dotenvx.com/precommit
✅ auth.routes.ts file has been loaded and is running.
🚀 Server (with WebSockets) is running at http://localhost:5000
[INFO] 21:43:09 Restarting: C:\Users\leona\OneDrive\Documents\PoDM\PoDM\PoDM_project\server\controllers\content.controller.ts has been modified
[dotenv@17.2.2] injecting env (7) from server\.env -- tip: ⚙️  specify custom .env file path with { path: '/custom/path/.env' }
--- SERVER STARTING ---
[dotenv@17.2.2] injecting env (0) from .env -- tip: ⚙️  override existing env vars with { override: true }
✅ auth.routes.ts file has been loaded and is running.
🚀 Server (with WebSockets) is running at http://localhost:5000
[INFO] 21:43:12 Restarting: C:\Users\leona\OneDrive\Documents\PoDM\PoDM\PoDM_project\server\controllers\subscription.controller.ts has been modified
[dotenv@17.2.2] injecting env (7) from server\.env -- tip: 🔐 prevent committing .env to code: https://dotenvx.com/precommit
--- SERVER STARTING ---
[dotenv@17.2.2] injecting env (0) from .env -- tip: 📡 observe env with Radar: https://dotenvx.com/radar
✅ auth.routes.ts file has been loaded and is running.
🚀 Server (with WebSockets) is running at http://localhost:5000
[INFO] 21:43:14 Restarting: C:\Users\leona\OneDrive\Documents\PoDM\PoDM\PoDM_project\server\controllers\creator.controller.ts has been modified
[dotenv@17.2.2] injecting env (7) from server\.env -- tip: ⚙️  enable debug logging with { debug: true }
--- SERVER STARTING ---
[dotenv@17.2.2] injecting env (0) from .env -- tip: ⚙️  write to custom object with { processEnv: myObject }
✅ auth.routes.ts file has been loaded and is running.
🚀 Server (with WebSockets) is running at http://localhost:5000
[INFO] 21:43:16 Restarting: C:\Users\leona\OneDrive\Documents\PoDM\PoDM\PoDM_project\server\controllers\message.controller.ts has been modified
[dotenv@17.2.2] injecting env (7) from server\.env -- tip: 📡 auto-backup env with Radar: https://dotenvx.com/radar
--- SERVER STARTING ---
[dotenv@17.2.2] injecting env (0) from .env -- tip: ⚙️  override existing env vars with { override: true }
✅ auth.routes.ts file has been loaded and is running.
🚀 Server (with WebSockets) is running at http://localhost:5000
[INFO] 21:43:28 Restarting: C:\Users\leona\OneDrive\Documents\PoDM\PoDM\PoDM_project\server\services\content.service.ts has been modified
[dotenv@17.2.2] injecting env (7) from server\.env -- tip: ⚙️  write to custom object with { processEnv: myObject }
--- SERVER STARTING ---
[dotenv@17.2.2] injecting env (0) from .env -- tip: 🔐 prevent building .env in docker: https://dotenvx.com/prebuild
✅ auth.routes.ts file has been loaded and is running.
🚀 Server (with WebSockets) is running at http://localhost:5000
[INFO] 21:43:30 Restarting: C:\Users\leona\OneDrive\Documents\PoDM\PoDM\PoDM_project\server\services\subscription.service.ts has been modified
[dotenv@17.2.2] injecting env (7) from server\.env -- tip: ⚙️  write to custom object with { processEnv: myObject }
--- SERVER STARTING ---
[dotenv@17.2.2] injecting env (0) from .env -- tip: 📡 observe env with Radar: https://dotenvx.com/radar
✅ auth.routes.ts file has been loaded and is running.
🚀 Server (with WebSockets) is running at http://localhost:5000
[INFO] 21:43:43 Restarting: C:\Users\leona\OneDrive\Documents\PoDM\PoDM\PoDM_project\server\services\subscription.service.ts has been modified
[dotenv@17.2.2] injecting env (7) from server\.env -- tip: 🔐 prevent committing .env to code: https://dotenvx.com/precommit
--- SERVER STARTING ---
[dotenv@17.2.2] injecting env (0) from .env -- tip: 🛠️  run anywhere with `dotenvx run -- yourcommand`
✅ auth.routes.ts file has been loaded and is running.
🚀 Server (with WebSockets) is running at http://localhost:5000
[INFO] 21:43:44 Restarting: C:\Users\leona\OneDrive\Documents\PoDM\PoDM\PoDM_project\server\services\subscription.service.ts has been modified
[dotenv@17.2.2] injecting env (7) from server\.env -- tip: ⚙️  write to custom object with { processEnv: myObject }
--- SERVER STARTING ---
[dotenv@17.2.2] injecting env (0) from .env -- tip: ⚙️  enable debug logging with { debug: true }
✅ auth.routes.ts file has been loaded and is running.
🚀 Server (with WebSockets) is running at http://localhost:5000
[INFO] 21:43:46 Restarting: C:\Users\leona\OneDrive\Documents\PoDM\PoDM\PoDM_project\server\services\subscription.service.ts has been modified
[dotenv@17.2.2] injecting env (7) from server\.env -- tip: 📡 version env with Radar: https://dotenvx.com/radar
--- SERVER STARTING ---
[dotenv@17.2.2] injecting env (0) from .env -- tip: ⚙️  enable debug logging with { debug: true }
✅ auth.routes.ts file has been loaded and is running.
🚀 Server (with WebSockets) is running at http://localhost:5000
[INFO] 21:43:48 Restarting: C:\Users\leona\OneDrive\Documents\PoDM\PoDM\PoDM_project\server\services\subscription.service.ts has been modified
[dotenv@17.2.2] injecting env (7) from server\.env -- tip: 🔐 prevent committing .env to code: https://dotenvx.com/precommit
--- SERVER STARTING ---
[dotenv@17.2.2] injecting env (0) from .env -- tip: ⚙️  override existing env vars with { override: true }
✅ auth.routes.ts file has been loaded and is running.
🚀 Server (with WebSockets) is running at http://localhost:5000
[INFO] 21:44:06 Restarting: C:\Users\leona\OneDrive\Documents\PoDM\PoDM\PoDM_project\server\services\user.service.ts has been modified
[dotenv@17.2.2] injecting env (7) from server\.env -- tip: ⚙️  suppress all logs with { quiet: true }
--- SERVER STARTING ---
[dotenv@17.2.2] injecting env (0) from .env -- tip: ⚙️  write to custom object with { processEnv: myObject }
✅ auth.routes.ts file has been loaded and is running.
🚀 Server (with WebSockets) is running at http://localhost:5000
[INFO] 21:44:08 Restarting: C:\Users\leona\OneDrive\Documents\PoDM\PoDM\PoDM_project\server\services\creator.service.ts has been modified
[dotenv@17.2.2] injecting env (7) from server\.env -- tip: ⚙️  override existing env vars with { override: true }
--- SERVER STARTING ---
[dotenv@17.2.2] injecting env (0) from .env -- tip: ⚙️  enable debug logging with { debug: true }
✅ auth.routes.ts file has been loaded and is running.
🚀 Server (with WebSockets) is running at http://localhost:5000
[INFO] 21:44:10 Restarting: C:\Users\leona\OneDrive\Documents\PoDM\PoDM\PoDM_project\server\services\message.service.ts has been modified
[dotenv@17.2.2] injecting env (7) from server\.env -- tip: 🔐 prevent building .env in docker: https://dotenvx.com/prebuild
--- SERVER STARTING ---
[dotenv@17.2.2] injecting env (0) from .env -- tip: 🔐 encrypt with Dotenvx: https://dotenvx.com
✅ auth.routes.ts file has been loaded and is running.
🚀 Server (with WebSockets) is running at http://localhost:5000
[INFO] 21:44:12 Restarting: C:\Users\leona\OneDrive\Documents\PoDM\PoDM\PoDM_project\server\services\content.service.ts has been modified
[dotenv@17.2.2] injecting env (7) from server\.env -- tip: 📡 observe env with Radar: https://dotenvx.com/radar
--- SERVER STARTING ---
[dotenv@17.2.2] injecting env (0) from .env -- tip: ⚙️  load multiple .env files with { path: ['.env.local', '.env'] }
✅ auth.routes.ts file has been loaded and is running.
🚀 Server (with WebSockets) is running at http://localhost:5000
[INFO] 21:44:25 Restarting: C:\Users\leona\OneDrive\Documents\PoDM\PoDM\PoDM_project\server\services\message.service.ts has been modified
[dotenv@17.2.2] injecting env (7) from server\.env -- tip: ⚙️  specify custom .env file path with { path: '/custom/path/.env' }
--- SERVER STARTING ---
[dotenv@17.2.2] injecting env (0) from .env -- tip: ⚙️  enable debug logging with { debug: true }
✅ auth.routes.ts file has been loaded and is running.
🚀 Server (with WebSockets) is running at http://localhost:5000
[INFO] 21:44:27 Restarting: C:\Users\leona\OneDrive\Documents\PoDM\PoDM\PoDM_project\server\services\content.service.ts has been modified
[dotenv@17.2.2] injecting env (7) from server\.env -- tip: ⚙️  enable debug logging with { debug: true }
--- SERVER STARTING ---
[dotenv@17.2.2] injecting env (0) from .env -- tip: 🛠️  run anywhere with `dotenvx run -- yourcommand`
✅ auth.routes.ts file has been loaded and is running.
🚀 Server (with WebSockets) is running at http://localhost:5000
[INFO] 21:44:29 Restarting: C:\Users\leona\OneDrive\Documents\PoDM\PoDM\PoDM_project\server\services\user.service.ts has been modified
[dotenv@17.2.2] injecting env (7) from server\.env -- tip: 🛠️  run anywhere with `dotenvx run -- yourcommand`
--- SERVER STARTING ---
[dotenv@17.2.2] injecting env (0) from .env -- tip: 📡 version env with Radar: https://dotenvx.com/radar
✅ auth.routes.ts file has been loaded and is running.
🚀 Server (with WebSockets) is running at http://localhost:5000
[INFO] 21:44:31 Restarting: C:\Users\leona\OneDrive\Documents\PoDM\PoDM\PoDM_project\server\services\creator.service.ts has been modified
[dotenv@17.2.2] injecting env (7) from server\.env -- tip: 🔐 prevent committing .env to code: https://dotenvx.com/precommit
--- SERVER STARTING ---
[dotenv@17.2.2] injecting env (0) from .env -- tip: 🔐 encrypt with Dotenvx: https://dotenvx.com
✅ auth.routes.ts file has been loaded and is running.
🚀 Server (with WebSockets) is running at http://localhost:5000
[INFO] 21:44:33 Restarting: C:\Users\leona\OneDrive\Documents\PoDM\PoDM\PoDM_project\server\services\subscription.service.ts has been modified
[dotenv@17.2.2] injecting env (7) from server\.env -- tip: 📡 auto-backup env with Radar: https://dotenvx.com/radar
--- SERVER STARTING ---
[dotenv@17.2.2] injecting env (0) from .env -- tip: ⚙️  override existing env vars with { override: true }
✅ auth.routes.ts file has been loaded and is running.
🚀 Server (with WebSockets) is running at http://localhost:5000
[INFO] 21:44:46 Restarting: C:\Users\leona\OneDrive\Documents\PoDM\PoDM\PoDM_project\server\services\subscription.service.ts has been modified
[dotenv@17.2.2] injecting env (7) from server\.env -- tip: 🔐 encrypt with Dotenvx: https://dotenvx.com
--- SERVER STARTING ---
[dotenv@17.2.2] injecting env (0) from .env -- tip: 🔐 encrypt with Dotenvx: https://dotenvx.com
✅ auth.routes.ts file has been loaded and is running.
🚀 Server (with WebSockets) is running at http://localhost:5000
[INFO] 21:45:19 Restarting: C:\Users\leona\OneDrive\Documents\PoDM\PoDM\PoDM_project\server\services\creator.service.ts has been modified
[dotenv@17.2.2] injecting env (7) from server\.env -- tip: 🛠️  run anywhere with `dotenvx run -- yourcommand`
--- SERVER STARTING ---
[dotenv@17.2.2] injecting env (0) from .env -- tip: ⚙️  load multiple .env files with { path: ['.env.local', '.env'] }
✅ auth.routes.ts file has been loaded and is running.
🚀 Server (with WebSockets) is running at http://localhost:5000
[INFO] 21:45:20 Restarting: C:\Users\leona\OneDrive\Documents\PoDM\PoDM\PoDM_project\server\services\message.service.ts has been modified
[dotenv@17.2.2] injecting env (7) from server\.env -- tip: ⚙️  suppress all logs with { quiet: true }
--- SERVER STARTING ---
[dotenv@17.2.2] injecting env (0) from .env -- tip: ⚙️  write to custom object with { processEnv: myObject }
✅ auth.routes.ts file has been loaded and is running.
🚀 Server (with WebSockets) is running at http://localhost:5000
[INFO] 22:16:03 Restarting: C:\Users\leona\OneDrive\Documents\PoDM\PoDM\PoDM_project\server\services\message.service.ts has been modified
[dotenv@17.2.2] injecting env (7) from server\.env -- tip: ⚙️  specify custom .env file path with { path: '/custom/path/.env' }
--- SERVER STARTING ---
[dotenv@17.2.2] injecting env (0) from .env -- tip: 📡 version env with Radar: https://dotenvx.com/radar
✅ auth.routes.ts file has been loaded and is running.
🚀 Server (with WebSockets) is running at http://localhost:5000
[INFO] 22:16:05 Restarting: C:\Users\leona\OneDrive\Documents\PoDM\PoDM\PoDM_project\server\services\message.service.ts has been modified
[dotenv@17.2.2] injecting env (7) from server\.env -- tip: 📡 version env with Radar: https://dotenvx.com/radar
--- SERVER STARTING ---
[dotenv@17.2.2] injecting env (0) from .env -- tip: ⚙️  suppress all logs with { quiet: true }
✅ auth.routes.ts file has been loaded and is running.
🚀 Server (with WebSockets) is running at http://localhost:5000
[INFO] 22:16:06 Restarting: C:\Users\leona\OneDrive\Documents\PoDM\PoDM\PoDM_project\server\services\message.service.ts has been modified
[dotenv@17.2.2] injecting env (7) from server\.env -- tip: ⚙️  enable debug logging with { debug: true }
--- SERVER STARTING ---
[dotenv@17.2.2] injecting env (0) from .env -- tip: 🛠️  run anywhere with `dotenvx run -- yourcommand`
✅ auth.routes.ts file has been loaded and is running.
🚀 Server (with WebSockets) is running at http://localhost:5000
[INFO] 22:46:50 Restarting: C:\Users\leona\OneDrive\Documents\PoDM\PoDM\PoDM_project\server\controllers\admin.controller.ts has been modified
[dotenv@17.2.2] injecting env (7) from server\.env -- tip: 📡 version env with Radar: https://dotenvx.com/radar
--- SERVER STARTING ---
[dotenv@17.2.2] injecting env (0) from .env -- tip: 🔐 encrypt with Dotenvx: https://dotenvx.com
✅ auth.routes.ts file has been loaded and is running.
🚀 Server (with WebSockets) is running at http://localhost:5000
[INFO] 22:47:42 Restarting: C:\Users\leona\OneDrive\Documents\PoDM\PoDM\PoDM_project\server\controllers\analytics.controller.ts has been modified
Compilation error in C:\Users\leona\OneDrive\Documents\PoDM\PoDM\PoDM_project\server\controllers\analytics.controller.ts
[dotenv@17.2.2] injecting env (7) from server\.env -- tip: 📡 observe env with Radar: https://dotenvx.com/radar
--- SERVER STARTING ---
[dotenv@17.2.2] injecting env (0) from .env -- tip: 🔐 encrypt with Dotenvx: https://dotenvx.com
✅ auth.routes.ts file has been loaded and is running.
[ERROR] 22:47:43 ⨯ Unable to compile TypeScript:
server/controllers/analytics.controller.ts(2,9): error TS1109: Expression expected.
server/controllers/analytics.controller.ts(2,10): error TS1128: Declaration or statement expected.
server/controllers/analytics.controller.ts(4,5): error TS1128: Declaration or statement expected.
server/controllers/analytics.controller.ts(4,7): error TS1005: 'try' expected.
server/controllers/analytics.controller.ts(7,1): error TS1128: Declaration or statement expected.

[INFO] 22:48:30 Restarting: C:\Users\leona\OneDrive\Documents\PoDM\PoDM\PoDM_project\server\controllers\analytics.controller.ts has been modified
[dotenv@17.2.2] injecting env (7) from server\.env -- tip: ⚙️  load multiple .env files with { path: ['.env.local', '.env'] }
--- SERVER STARTING ---
[dotenv@17.2.2] injecting env (0) from .env -- tip: 📡 auto-backup env with Radar: https://dotenvx.com/radar
✅ auth.routes.ts file has been loaded and is running.
🚀 Server (with WebSockets) is running at http://localhost:5000
[INFO] 22:49:02 Restarting: C:\Users\leona\OneDrive\Documents\PoDM\PoDM\PoDM_project\server\controllers\auth.controller.ts has been modified
[dotenv@17.2.2] injecting env (7) from server\.env -- tip: ⚙️  override existing env vars with { override: true }
--- SERVER STARTING ---
[dotenv@17.2.2] injecting env (0) from .env -- tip: ⚙️  write to custom object with { processEnv: myObject }
✅ auth.routes.ts file has been loaded and is running.
🚀 Server (with WebSockets) is running at http://localhost:5000
[INFO] 22:50:21 Restarting: C:\Users\leona\OneDrive\Documents\PoDM\PoDM\PoDM_project\server\controllers\payments.controller.ts has been modified
[dotenv@17.2.2] injecting env (7) from server\.env -- tip: 🔐 prevent committing .env to code: https://dotenvx.com/precommit
--- SERVER STARTING ---
[dotenv@17.2.2] injecting env (0) from .env -- tip: ⚙️  specify custom .env file path with { path: '/custom/path/.env' }
✅ auth.routes.ts file has been loaded and is running.
🚀 Server (with WebSockets) is running at http://localhost:5000
[INFO] 22:50:52 Restarting: C:\Users\leona\OneDrive\Documents\PoDM\PoDM\PoDM_project\server\controllers\stripe.controller.ts has been modified
[dotenv@17.2.2] injecting env (7) from server\.env -- tip: 🔐 prevent committing .env to code: https://dotenvx.com/precommit
--- SERVER STARTING ---
[dotenv@17.2.2] injecting env (0) from .env -- tip: 📡 auto-backup env with Radar: https://dotenvx.com/radar
✅ auth.routes.ts file has been loaded and is running.
🚀 Server (with WebSockets) is running at http://localhost:5000
[INFO] 22:52:32 Restarting: C:\Users\leona\OneDrive\Documents\PoDM\PoDM\PoDM_project\server\controllers\support.controller.ts has been modified
[dotenv@17.2.2] injecting env (7) from server\.env -- tip: ⚙️  specify custom .env file path with { path: '/custom/path/.env' }
--- SERVER STARTING ---
[dotenv@17.2.2] injecting env (0) from .env -- tip: 🔐 prevent committing .env to code: https://dotenvx.com/precommit
✅ auth.routes.ts file has been loaded and is running.
🚀 Server (with WebSockets) is running at http://localhost:5000
[INFO] 22:54:52 Restarting: C:\Users\leona\OneDrive\Documents\PoDM\PoDM\PoDM_project\server\services\auth.service.ts has been modified
[dotenv@17.2.2] injecting env (7) from server\.env -- tip: 📡 version env with Radar: https://dotenvx.com/radar
--- SERVER STARTING ---
[dotenv@17.2.2] injecting env (0) from .env -- tip: ⚙️  load multiple .env files with { path: ['.env.local', '.env'] }
✅ auth.routes.ts file has been loaded and is running.
🚀 Server (with WebSockets) is running at http://localhost:5000
[INFO] 23:07:28 Restarting: C:\Users\leona\OneDrive\Documents\PoDM\PoDM\PoDM_project\server\services\subscription.service.ts has been modified
[dotenv@17.2.2] injecting env (7) from server\.env -- tip: 🔐 encrypt with Dotenvx: https://dotenvx.com
--- SERVER STARTING ---
[dotenv@17.2.2] injecting env (0) from .env -- tip: 🔐 prevent building .env in docker: https://dotenvx.com/prebuild
✅ auth.routes.ts file has been loaded and is running.
🚀 Server (with WebSockets) is running at http://localhost:5000
[INFO] 23:20:59 Restarting: C:\Users\leona\OneDrive\Documents\PoDM\PoDM\PoDM_project\server\services\support.service.ts has been modified
[dotenv@17.2.2] injecting env (7) from server\.env -- tip: ⚙️  specify custom .env file path with { path: '/custom/path/.env' }
--- SERVER STARTING ---
[dotenv@17.2.2] injecting env (0) from .env -- tip: 📡 auto-backup env with Radar: https://dotenvx.com/radar
✅ auth.routes.ts file has been loaded and is running.
🚀 Server (with WebSockets) is running at http://localhost:5000
[INFO] 23:23:04 Restarting: C:\Users\leona\OneDrive\Documents\PoDM\PoDM\PoDM_project\server\utils\tier.utils.ts has been modified
[dotenv@17.2.2] injecting env (7) from server\.env -- tip: ⚙️  suppress all logs with { quiet: true }
--- SERVER STARTING ---
[dotenv@17.2.2] injecting env (0) from .env -- tip: ⚙️  override existing env vars with { override: true }
✅ auth.routes.ts file has been loaded and is running.
🚀 Server (with WebSockets) is running at http://localhost:5000
[INFO] 23:23:10 Restarting: C:\Users\leona\OneDrive\Documents\PoDM\PoDM\PoDM_project\server\utils\tier.utils.ts has been modified
Compilation error in C:\Users\leona\OneDrive\Documents\PoDM\PoDM\PoDM_project\server\utils\tier.utils.ts
[dotenv@17.2.2] injecting env (7) from server\.env -- tip: ⚙️  enable debug logging with { debug: true }
--- SERVER STARTING ---
[dotenv@17.2.2] injecting env (0) from .env -- tip: ⚙️  override existing env vars with { override: true }
✅ auth.routes.ts file has been loaded and is running.
[ERROR] 23:23:11 ⨯ Unable to compile TypeScript:
server/utils/tier.utils.ts(81,7): error TS1005: '}' expected.

[INFO] 23:24:16 Restarting: C:\Users\leona\OneDrive\Documents\PoDM\PoDM\PoDM_project\server\utils\tier.utils.ts has been modified
[dotenv@17.2.2] injecting env (7) from server\.env -- tip: ⚙️  enable debug logging with { debug: true }
--- SERVER STARTING ---
[dotenv@17.2.2] injecting env (0) from .env -- tip: 🔐 prevent building .env in docker: https://dotenvx.com/prebuild
✅ auth.routes.ts file has been loaded and is running.
🚀 Server (with WebSockets) is running at http://localhost:5000
[INFO] 23:25:04 Restarting: C:\Users\leona\OneDrive\Documents\PoDM\PoDM\PoDM_project\server\utils\stripe.utils.ts has been modified
[dotenv@17.2.2] injecting env (7) from server\.env -- tip: 🔐 encrypt with Dotenvx: https://dotenvx.com
--- SERVER STARTING ---
[dotenv@17.2.2] injecting env (0) from .env -- tip: 📡 version env with Radar: https://dotenvx.com/radar
✅ auth.routes.ts file has been loaded and is running.
🚀 Server (with WebSockets) is running at http://localhost:5000
[INFO] 23:25:40 Restarting: C:\Users\leona\OneDrive\Documents\PoDM\PoDM\PoDM_project\server\utils\subscription.utils.ts has been modified
[dotenv@17.2.2] injecting env (7) from server\.env -- tip: 📡 version env with Radar: https://dotenvx.com/radar
--- SERVER STARTING ---
[dotenv@17.2.2] injecting env (0) from .env -- tip: ⚙️  override existing env vars with { override: true }
✅ auth.routes.ts file has been loaded and is running.
🚀 Server (with WebSockets) is running at http://localhost:5000
